公告日期,代码,公告类型,标题,来源,链接,事件类型
2026-08-19 17:30:00,000582,证券新闻,65股今日获机构买入评级,证券时报网,http://finance.eastmoney.com/a/202608193846371590.html,证券新闻
2026-08-19 16:39:00,000582,证券新闻,1.62亿元主力资金今日抢筹交通运输板块,证券时报网,http://finance.eastmoney.com/a/202608193846304789.html,证券新闻
2026-08-19 15:29:51,000582,证券新闻,北部湾港主力资金净流出5477.3万元 短期情绪偏空但长期逻辑稳固,智选洞察,https://gu.qq.com/resources/shy/news/detail-v2/index.html#/index?id=nesSN20260819160900b697dbdd&s=b,证券新闻
2026-08-19 11:21:00,000582,证券新闻,社保基金长线坚守21只股（附股）,证券时报网,http://finance.eastmoney.com/a/202608193845938875.html,证券新闻
2026-08-19 11:01:00,000582,证券新闻,社保基金二季度重仓股揭秘：新进29股 增持23股,证券时报网,http://finance.eastmoney.com/a/202608193845357419.html,证券新闻
2026-08-19 09:30:39,000582,证券新闻,北部湾港8月18日获融资净买入765万元 环比增加240.42%,市场透视,https://gu.qq.com/resources/shy/news/detail-v2/index.html#/index?id=nesSN20260819095817a70aea09&s=b,证券新闻
2026-08-19 09:15:38,000582,证券新闻,北部湾港2026H1归母净利润+5%，静待吞吐量复苏,国海证券,https://gu.qq.com/resources/shy/news/detail-v2/index.html#/index?id=nesSN2026081909424594de1dce&s=b,证券新闻
2026-08-19 08:03:10,000582,证券新闻,北部湾港集团与宁德时代交流座谈,E公司,https://gu.qq.com/resources/shy/news/detail-v2/index.html#/index?id=nesSN2026081908031098c77c16&s=b,证券新闻
2026-08-19 06:08:10,000582,证券新闻,北部湾港2026年中报简析：营收净利润同比双双增长，公司应收账款体量较大,证券之星,https://gu.qq.com/resources/shy/news/detail-v2/index.html#/index?id=nesSN20260819061056b6971472&s=b,证券新闻
2026-08-18 23:18:46,000582,证券新闻,北部湾港：上半年收入36.9亿，净利5.6亿，市值276亿,快递生态圈,https://gu.qq.com/resources/shy/news/detail-v2/index.html#/index?id=nesSN2026081823312598c711f6&s=b,证券新闻
2026-08-18 17:30:28,000582,证券新闻,北部湾港：公司《2026年半年度报告（全文和摘要）》已于2026年8月18日刊登,证星董秘互动,https://gu.qq.com/resources/shy/news/detail-v2/index.html#/index?id=nesSN2026081817373094dd18e8&s=b,证券新闻
2026-08-18 15:59:00,000582,证券新闻,北部湾港半年报出炉,港口圈,https://gu.qq.com/resources/shy/news/detail-v2/index.html#/index?id=nesSN202608181621329741ecb3&s=b,证券新闻
2026-08-18 15:22:07,000582,证券新闻,北部湾港截止06月30日股东人数8.78万户，人均持股2.46万股,市场透视,https://gu.qq.com/resources/shy/news/detail-v2/index.html#/index?id=nesSN2026081815344898c668c9&s=b,证券新闻
2026-08-18 15:17:34,000582,证券新闻,北部湾港主力资金净流出385.5万 短期抛压与游资接筹博弈震荡,智选洞察,https://gu.qq.com/resources/shy/news/detail-v2/index.html#/index?id=nesSN20260818151853a4b31ec2&s=b,证券新闻
2026-08-18 11:38:00,000582,证券新闻,社保基金长线坚守36只股（附股）,证券时报网,http://finance.eastmoney.com/a/202608183844363515.html,证券新闻
2026-08-18 10:27:00,000582,证券新闻,北部湾港(000582.SZ)2026年中报净利润为5.58亿元、较去年同期上涨5.09%,界面新闻,http://finance.eastmoney.com/a/202608183844318128.html,证券新闻
2026-08-18 09:30:37,000582,证券新闻,北部湾港8月17日获融资净买入224万元,市场透视,https://gu.qq.com/resources/shy/news/detail-v2/index.html#/index?id=nesSN2026081809541498c5f9c7&s=b,证券新闻
2026-08-18 09:08:54,000582,证券新闻,北部湾港(000582.SZ)：2026年中报净利润为5.58亿元、同比较去年同期上涨5.09%,界面新闻,http://finance.eastmoney.com/a/202608183844096576.html,证券新闻
2026-08-18 08:58:00,000582,证券新闻,13股二季度获社保基金扎堆持有,证券时报网,http://finance.eastmoney.com/a/202608183844084895.html,证券新闻
2026-08-18 08:57:00,000582,证券新闻,北部湾港集团拜访厦门国贸和安通控股 围绕通道物流、港航合作等开展深入交流,南方财经网,https://gu.qq.com/resources/shy/news/detail-v2/index.html#/index?id=nesSN20260818091430a4b2a308&s=b,证券新闻
2026-08-18 00:00:00,000582,证券新闻,北部湾港：货种优化筑牢经营底盘 运河引流打开成长空间,财通证券,https://gu.qq.com/resources/shy/news/detail-v2/index.html#/index?id=nesSN20260819083710b6973d1d&s=b,证券新闻
2026-08-17 23:10:43,000582,证券新闻,北部湾港：北海港铁山港西港区北暮作业区南4号南5号泊位工程延期,公司公告,https://gu.qq.com/resources/shy/news/detail-v2/index.html#/index?id=nesSN20260817231843a4b21a02&s=b,证券新闻
2026-08-17 22:29:00,000582,证券新闻,北部湾港：上半年净利同比增长5.09%至5.58亿元 经营质量稳步提升,中国财富通,http://finance.eastmoney.com/a/202608173843569538.html,证券新闻
2026-08-17 22:03:04,000582,证券新闻,北部湾港：2026年上半年净利润同比增长5.09% 拟10派0.78元,中国证券报·中证网,http://finance.eastmoney.com/a/202608173843549230.html,证券新闻
2026-08-17 20:56:15,000582,证券新闻,北部湾港：董事会审议通过《关于审议2026年度中期利润分配方案的预案》等议案,公司公告,https://gu.qq.com/resources/shy/news/detail-v2/index.html#/index?id=nesSN20260817211002a4b1f259&s=b,证券新闻
2026-08-17 20:06:30,000582,公告/事件,北部湾港中期每10股派0.78元，分红率35.19%,智选洞察,https://gu.qq.com/resources/shy/news/detail-v2/index.html#/index?id=nesSN2026081720070497409208&s=b,公告/事件
2026-08-17 19:46:00,000582,证券新闻,北部湾港：上半年净利润同比增长5.09% 拟10派0.78元,证券时报网,http://finance.eastmoney.com/a/202608173843394188.html,证券新闻
2026-08-17 19:43:30,000582,证券新闻,北部湾港半年报：扣非净利降3.46%，Q2增速放缓,智选洞察,https://gu.qq.com/resources/shy/news/detail-v2/index.html#/index?id=nesSN2026081719442497408a8e&s=b,证券新闻
2026-08-17 19:41:13,000582,证券新闻,北部湾港：2026年度中期拟每10股派发现金红利0.78元,公司公告,https://gu.qq.com/resources/shy/news/detail-v2/index.html#/index?id=nesSN20260817195407a4b1d922&s=b,证券新闻
2026-08-17 19:38:00,000582,证券新闻,北部湾港：拟使用不超3.00亿元部分闲置募集资金临时补充流动资金,21世纪经济报道,https://gu.qq.com/resources/shy/news/detail-v2/index.html#/index?id=nesSN20260817193940a4b1d4b0&s=b,证券新闻
2026-08-17 19:30:00,000582,证券新闻,【港航动态快讯】北部湾港首批自动化连续卸船机抵港,广东省港口协会,https://gu.qq.com/resources/shy/news/detail-v2/index.html#/index?id=nesSN2026081721004794dbb1d1&s=b,证券新闻
2026-08-17 17:06:43,000582,证券新闻,快递反内卷推进，油运运价上涨【华源交运|周报0816】,华源交运研究,https://gu.qq.com/resources/shy/news/detail-v2/index.html#/index?id=nesSN20260817175303a4b1ac4f&s=b,证券新闻
2026-08-17 16:21:00,000582,证券新闻,短线防风险 18只个股短期均线现死叉,证券时报网,http://finance.eastmoney.com/a/202608173843182477.html,证券新闻
2026-08-17 15:24:19,000582,证券新闻,北部湾港主力资金净流出2700.1万 短期抛压加剧但长期逻辑未改,智选洞察,https://gu.qq.com/resources/shy/news/detail-v2/index.html#/index?id=nesSN20260817154324a707fa28&s=b,证券新闻
2026-08-17 11:02:30,000582,证券新闻,2030年基本建成陆海交通枢纽！广西谋划“十五五”蓝图,中国水运报社,https://gu.qq.com/resources/shy/news/detail-v2/index.html#/index?id=nesSN20260817110713a4b11cd9&s=b,证券新闻
2026-08-17 09:30:42,000582,证券新闻,北部湾港8月14日被融资净卖出4386万元,市场透视,https://gu.qq.com/resources/shy/news/detail-v2/index.html#/index?id=nesSN20260817095556a7078589&s=b,证券新闻
2026-08-17 09:30:40,000582,证券新闻,北部湾港跌4.76% 港口板块回调引发抛压,智选洞察,https://gu.qq.com/resources/shy/news/detail-v2/index.html#/index?id=nesSN2026081709540094dac595&s=b,证券新闻
2026-08-17 00:00:00,000582,证券新闻,航运港口行业专题研究：为什么看好干散货的增长？,国海证券,https://gu.qq.com/resources/shy/news/detail-v2/index.html#/index?id=nesSN20260818090056b6959585&s=b,证券新闻
2026-08-16 20:45:21,000582,证券新闻,【华创交运|周报】聚焦7月数据：5家上市航司RPK同比增长，上海两场旅客量同比增长,华创交运,https://gu.qq.com/resources/shy/news/detail-v2/index.html#/index?id=nesSN20260816210521a4b05a21&s=b,证券新闻
2026-08-14 21:58:00,000582,证券新闻,龙虎榜机构新动向：净买入15股 净卖出17股,证券时报网,http://finance.eastmoney.com/a/202608143842057279.html,证券新闻
2026-08-14 21:58:00,000582,证券新闻,深股通现身13只个股龙虎榜,证券时报网,http://finance.eastmoney.com/a/202608143842057516.html,证券新闻
2026-08-14 18:33:50,000582,证券新闻,龙虎榜 | 北部湾港跌停，卖出前5共卖出1.15亿元，上榜原因：日跌幅偏离值达到7%的前5只证券,同壁财经,https://gu.qq.com/resources/shy/news/detail-v2/index.html#/index?id=nesSN2026081418512294d7b02a&s=b,证券新闻
2026-08-14 16:26:22,000582,证券新闻,北部湾港(000582)龙虎榜数据(08-14),东方财富Choice数据,http://stock.eastmoney.com/a/202608143841752191.html,证券新闻
2026-08-14 15:29:02,000582,证券新闻,北部湾港主力资金净流出3.0亿元 短期抛压主导波动 长期平陆运河逻辑待验证,智选洞察,https://gu.qq.com/resources/shy/news/detail-v2/index.html#/index?id=nesSN20260814155558a7042671&s=b,证券新闻
2026-08-14 13:50:57,000582,证券新闻,北部湾港跌停，前期涨7%难挡板块走弱,智选洞察,https://gu.qq.com/resources/shy/news/detail-v2/index.html#/index?id=nesSN20260814135108b6906858&s=b,证券新闻
2026-08-14 13:33:22,000582,证券新闻,北部湾港走低，盘中跌停,第一财经,https://gu.qq.com/resources/shy/news/detail-v2/index.html#/index?id=nesSN20260814134609973c2e78&s=b,证券新闻
2026-08-14 11:41:03,000582,证券新闻,北部湾港：平陆运河通航后，西江航运干线的船舶可经平陆运河从北部湾港出海，有助于腹地货源经由北部湾港出海，预计对公司经营产生积极影响,互动易,https://gu.qq.com/resources/shy/news/detail-v2/index.html#/index?id=nesSN20260814123107b69051f6&s=b,证券新闻
2026-08-14 09:38:20,000582,证券新闻,北部湾港-4.84% 港口板块回调及获利了结,智选洞察,https://gu.qq.com/resources/shy/news/detail-v2/index.html#/index?id=nesSN20260814101402a703b4a3&s=b,证券新闻
2026-08-14 09:30:40,000582,证券新闻,北部湾港8月13日被融资净卖出367万元,市场透视,https://gu.qq.com/resources/shy/news/detail-v2/index.html#/index?id=nesSN20260814095210973be280&s=b,证券新闻
2026-08-13 17:24:30,000582,证券新闻,跨区域港航合作提速：宁波远洋10.86亿元定增获批 北部湾港战略入股,上海证券报,https://gu.qq.com/resources/shy/news/detail-v2/index.html#/index?id=nesSN20260813182738b68f25d9&s=b,证券新闻
2026-08-13 15:38:08,000582,证券新闻,北部湾港主力资金净流出9523万 短期技术回调待景气验证,智选洞察,https://gu.qq.com/resources/shy/news/detail-v2/index.html#/index?id=nesSN20260813162941973ac3a6&s=b,证券新闻
2026-08-13 09:30:41,000582,证券新闻,北部湾港8月12日被融资净卖出945万元,市场透视,https://gu.qq.com/resources/shy/news/detail-v2/index.html#/index?id=nesSN20260813095208a701fe21&s=b,证券新闻
2026-08-12 17:53:08,000582,证券新闻,宁波港：宁波远洋定向发行获注册批复，发行价格7.47元/股宁波港：宁波远洋定向发行获注册批复，发行价格7.47元/股,财经网,https://gu.qq.com/resources/shy/news/detail-v2/index.html#/index?id=nesSN2026081217542294d44b86&s=b,证券新闻
2026-08-12 15:22:28,000582,证券新闻,北部湾港主力资金净流出4491.5万元 短期抛压加剧触发震荡整固,智选洞察,https://gu.qq.com/resources/shy/news/detail-v2/index.html#/index?id=nesSN20260812153649973905b7&s=b,证券新闻
2026-08-12 13:56:00,000582,证券新闻,广西海洋经济发展“十五五”规划：建设平陆运河经济带,人民财讯,https://gu.qq.com/resources/shy/news/detail-v2/index.html#/index?id=nesSN2026081213582094d3f4e8&s=b,证券新闻
2026-08-12 10:24:20,000582,证券新闻,广西水运江河海一体化调度平台试运行,中国交通新闻网,https://gu.qq.com/resources/shy/news/detail-v2/index.html#/index?id=nesSN20260812103513b68ccc55&s=b,证券新闻
2026-08-12 09:30:38,000582,证券新闻,北部湾港8月11日被融资净卖出1655万元,市场透视,https://gu.qq.com/resources/shy/news/detail-v2/index.html#/index?id=nesSN2026081209563794d3a3c5&s=b,证券新闻
2026-08-11 15:25:16,000582,证券新闻,北部湾港主力资金净流出1950万 短期情绪转慎压制上行 短期震荡整固待政策催化,智选洞察,https://gu.qq.com/resources/shy/news/detail-v2/index.html#/index?id=nesSN202608111544109737617f&s=b,证券新闻
2026-08-11 09:30:37,000582,证券新闻,北部湾港8月10日被融资净卖出2714万元,市场透视,https://gu.qq.com/resources/shy/news/detail-v2/index.html#/index?id=nesSN202608110955079736eb47&s=b,证券新闻
2026-08-10 15:18:23,000582,证券新闻,北部湾港主力资金净流入4470.4万元 短期情绪共振提振股价,智选洞察,https://gu.qq.com/resources/shy/news/detail-v2/index.html#/index?id=nesSN202608101521299735ad6d&s=b,证券新闻
2026-08-10 14:09:25,000582,证券新闻,北部湾港涨5.19% 多重利好共振推动股价上行,智选洞察,https://gu.qq.com/resources/shy/news/detail-v2/index.html#/index?id=nesSN202608101409319735959a&s=b,证券新闻
2026-08-10 09:30:39,000582,证券新闻,北部湾港8月7日被融资净卖出1286万元,市场透视,https://gu.qq.com/resources/shy/news/detail-v2/index.html#/index?id=nesSN20260810095416b68952ec&s=b,证券新闻
2026-08-10 00:00:00,000582,证券新闻,交通运输行业周报：快递“反内卷”再重视,华源证券,https://gu.qq.com/resources/shy/news/detail-v2/index.html#/index?id=nesSN20260810194156b68a2b04&s=b,证券新闻
2026-08-09 03:58:20,000582,证券新闻,北部湾港新增一起对外投资，被投资公司为防城港企英码头有限公司,证券之星APP,https://gu.qq.com/resources/shy/news/detail-v2/index.html#/index?id=nesSN20260809040150a6fb7316&s=b,证券新闻
2026-08-08 00:00:00,000582,证券新闻,交通运输行业定期报告：行业高质量发展关注快递 运价指数偏强推荐油运,中泰证券,https://gu.qq.com/resources/shy/news/detail-v2/index.html#/index?id=nesSN20260809132712a6fbe4db&s=b,证券新闻
2026-08-07 17:02:00,000582,证券新闻,3.38亿元主力资金今日撤离交通运输板块,证券时报网,http://finance.eastmoney.com/a/202608073835259577.html,证券新闻
2026-08-07 15:25:13,000582,证券新闻,北部湾港主力资金净流出1520.9万元 抛压收窄情绪趋稳待景气验证,智选洞察,https://gu.qq.com/resources/shy/news/detail-v2/index.html#/index?id=nesSN20260807154621a4a2d2a0&s=b,证券新闻
2026-08-07 09:30:40,000582,证券新闻,北部湾港8月6日获融资净买入2763万元,市场透视,https://gu.qq.com/resources/shy/news/detail-v2/index.html#/index?id=nesSN2026080709525294cc6134&s=b,证券新闻
2026-08-06 15:20:33,000582,证券新闻,北部湾港主力资金净流出7674.5万 短期压制股价待情绪修复,智选洞察,https://gu.qq.com/resources/shy/news/detail-v2/index.html#/index?id=nesSN20260806152731a6f78bf2&s=b,证券新闻
2026-08-06 09:30:42,000582,证券新闻,北部湾港8月5日被融资净卖出268万元,市场透视,https://gu.qq.com/resources/shy/news/detail-v2/index.html#/index?id=nesSN20260806095114972f9357&s=b,证券新闻
2026-08-05 15:37:06,000582,证券新闻,北部湾港主力资金净流入4060.5万 短期情绪回暖提振股价表现,智选洞察,https://gu.qq.com/resources/shy/news/detail-v2/index.html#/index?id=nesSN20260805162101972e604e&s=b,证券新闻
2026-08-05 09:30:39,000582,证券新闻,北部湾港8月4日获融资净买入311万元,市场透视,https://gu.qq.com/resources/shy/news/detail-v2/index.html#/index?id=nesSN20260805095158972dd2eb&s=b,证券新闻
2026-08-05 00:00:00,000582,证券新闻,航运港口2026年7月专题：集装箱吞吐量稳增 原油吞吐量持续承压,国海证券,https://gu.qq.com/resources/shy/news/detail-v2/index.html#/index?id=nesSN20260806084629b6836787&s=b,证券新闻
2026-08-04 17:53:17,000582,证券新闻,【天风交运】低估值+高成长，穿越周期,发掘交运价值,https://gu.qq.com/resources/shy/news/detail-v2/index.html#/index?id=nesSN2026080421071894c821dc&s=b,证券新闻
2026-08-04 16:49:00,000582,证券新闻,6.52亿元资金今日流出交通运输股,证券时报网,http://finance.eastmoney.com/a/202608043831237438.html,证券新闻
2026-08-04 09:30:38,000582,证券新闻,北部湾港8月3日被融资净卖出808万元,市场透视,https://gu.qq.com/resources/shy/news/detail-v2/index.html#/index?id=nesSN2026080409532394c72e3b&s=b,证券新闻
2026-08-03 19:39:50,000582,证券新闻,1艘5000马力燃油动力全回转拖轮启动招标,船海装备网,https://gu.qq.com/resources/shy/news/detail-v2/index.html#/index?id=nesSN20260803210912a49c3a8a&s=b,证券新闻
2026-08-03 09:30:38,000582,证券新闻,北部湾港7月31日被融资净卖出300万元,市场透视,https://gu.qq.com/resources/shy/news/detail-v2/index.html#/index?id=nesSN20260803095340a6f1cefb&s=b,证券新闻
2026-08-03 08:45:00,000582,证券新闻,【华创交运|周报】继续强调适度均衡：稳健红利+低估绩优+新兴成长,华创交运,https://gu.qq.com/resources/shy/news/detail-v2/index.html#/index?id=nesSN20260803093753972a5403&s=b,证券新闻
2026-07-31 15:27:00,000582,证券新闻,北部湾港主力资金净流出3939.5万 短期情绪扰动不改长期价值,智选洞察,https://gu.qq.com/resources/shy/news/detail-v2/index.html#/index?id=nesSN20260731154652a6ee4be5&s=b,证券新闻
2026-07-31 09:30:39,000582,证券新闻,北部湾港7月30日获融资净买入3387万元,市场透视,https://gu.qq.com/resources/shy/news/detail-v2/index.html#/index?id=nesSN20260731095141a6edcb87&s=b,证券新闻
2026-07-31 00:00:00,000582,证券新闻,北部湾港：平陆运河重塑货运格局 北部湾港迎来增长红利,财通证券,https://gu.qq.com/resources/shy/news/detail-v2/index.html#/index?id=nesSN2026080113470398ace1d1&s=b,证券新闻
2026-07-30 21:44:00,000582,证券新闻,北部湾港集团与天科院交流座谈并签署战略合作协议,证券时报,https://gu.qq.com/resources/shy/news/detail-v2/index.html#/index?id=nesSN2026073100572294c0f16f&s=b,证券新闻
2026-07-30 15:31:24,000582,证券新闻,北部湾港主力资金净流入1623.6万 运河概念重燃触发短期情绪修复,智选洞察,https://gu.qq.com/resources/shy/news/detail-v2/index.html#/index?id=nesSN2026073016024098a9b874&s=b,证券新闻
2026-07-30 12:43:02,000582,证券新闻,北部湾港：台风过境后公司以最快速度恢复了正常生产,互动易,https://gu.qq.com/resources/shy/news/detail-v2/index.html#/index?id=nesSN2026073012583198a9778e&s=b,证券新闻
2026-07-30 09:30:37,000582,证券新闻,北部湾港7月29日被融资净卖出264万元,市场透视,https://gu.qq.com/resources/shy/news/detail-v2/index.html#/index?id=nesSN2026073009494997249d17&s=b,证券新闻
2026-07-29 15:21:44,000582,证券新闻,北部湾港主力资金净流出2939.2万 短期承压待景气与资金面共振,智选洞察,https://gu.qq.com/resources/shy/news/detail-v2/index.html#/index?id=nesSN2026072915303997238b60&s=b,证券新闻
2026-07-29 09:30:36,000582,证券新闻,北部湾港7月28日获融资净买入989万元,市场透视,https://gu.qq.com/resources/shy/news/detail-v2/index.html#/index?id=nesSN2026072909504194be3399&s=b,证券新闻
2026-07-28 20:09:15,000582,证券新闻,广西：北部湾港集团150MW农光互补项目全容量并网！,智汇光伏,https://gu.qq.com/resources/shy/news/detail-v2/index.html#/index?id=nesSN20260728202106b6761484&s=b,证券新闻
2026-07-28 15:20:36,000582,证券新闻,北部湾港主力资金净流出3182.5万 短期分歧加大引发承压,智选洞察,https://gu.qq.com/resources/shy/news/detail-v2/index.html#/index?id=nesSN20260728152700a492ad72&s=b,证券新闻
2026-07-28 09:30:37,000582,证券新闻,北部湾港7月27日被融资净卖出782万元,市场透视,https://gu.qq.com/resources/shy/news/detail-v2/index.html#/index?id=nesSN2026072809502998a5fed9&s=b,证券新闻
2026-07-27 19:17:00,000582,证券新闻,强势股追踪 主力资金连续5日净流入114股,证券时报网,http://finance.eastmoney.com/a/202607273822271049.html,证券新闻
2026-07-27 16:38:03,000582,证券新闻,北部湾国际门户港发展指数发布 实现倍数级跨越式增长,中新经纬,https://gu.qq.com/resources/shy/news/detail-v2/index.html#/index?id=nesSN2026072717071594bb7768&s=b,证券新闻
2026-07-27 15:27:56,000582,证券新闻,北部湾港主力资金净流入7027.7万元 震荡上行态势有望延续,智选洞察,https://gu.qq.com/resources/shy/news/detail-v2/index.html#/index?id=nesSN2026072715504694bb5660&s=b,证券新闻
2026-07-27 09:30:41,000582,证券新闻,北部湾港7月24日获融资净买入3380万元 环比增加221.59%,市场透视,https://gu.qq.com/resources/shy/news/detail-v2/index.html#/index?id=nesSN20260727095039b6737fdc&s=b,证券新闻
2026-07-25 18:12:34,000582,证券新闻,平陆运河通航在即，北部湾港布下“先手棋”,中国水运报社,https://gu.qq.com/resources/shy/news/detail-v2/index.html#/index?id=nesSN20260725181654971df04c&s=b,证券新闻
2026-07-25 16:06:24,000582,证券新闻,北部湾港高管变动：莫怒辞职 汪国维接任总经理,雷达财经财富号,https://gu.qq.com/resources/shy/news/detail-v2/index.html#/index?id=nesSN20260725161642a48e9c7c&s=b,证券新闻
2026-07-25 12:00:00,000582,证券新闻,媒体关注北部湾港｜中国新闻网：广西出台系列配套支持政策 确保平陆运河通航即运营有货,北部湾港集团,https://gu.qq.com/resources/shy/news/detail-v2/index.html#/index?id=nesSN2026072512210494b8bd35&s=b,证券新闻
2026-07-24 21:08:52,000582,证券新闻,300亿广西国企换将，人均薪酬超20万元,华美财经,https://gu.qq.com/resources/shy/news/detail-v2/index.html#/index?id=nesSN2026072421140694b7e0da&s=b,证券新闻
2026-07-24 20:58:26,000582,证券新闻,打通临港铝业入川大通道！ 北部湾港—四川首列氧化铝专列发车,北部湾港集团,https://gu.qq.com/resources/shy/news/detail-v2/index.html#/index?id=nesSN20260724211823971ccbe2&s=b,证券新闻
2026-07-24 16:45:38,000582,证券新闻,北部湾港(000582.SZ)：副董事长汪国维辞任、董事兼总经理莫怒辞职，汪国维转聘为总经理,界面新闻,http://finance.eastmoney.com/a/202607243820500664.html,证券新闻
2026-07-24 16:11:13,000582,证券新闻,北部湾港：聘任汪国维为总经理,财联社,http://finance.eastmoney.com/a/202607243820467426.html,证券新闻
2026-07-24 15:42:26,000582,证券新闻,北部湾港主力资金净流入418.8万 短期情绪提振但缺乏板块共振,智选洞察,https://gu.qq.com/resources/shy/news/detail-v2/index.html#/index?id=nesSN20260724155244a6e3a386&s=b,证券新闻
2026-07-24 09:30:40,000582,证券新闻,北部湾港7月23日获融资净买入1051万元,市场透视,https://gu.qq.com/resources/shy/news/detail-v2/index.html#/index?id=nesSN2026072409503098a05d63&s=b,证券新闻
2026-07-23 15:35:55,000582,证券新闻,北部湾港主力资金净流入930.8万 短期企稳反弹动能积聚,智选洞察,https://gu.qq.com/resources/shy/news/detail-v2/index.html#/index?id=nesSN20260723154211a6e1d268&s=b,证券新闻
2026-07-23 09:30:36,000582,证券新闻,北部湾港7月22日被融资净卖出836万元,市场透视,https://gu.qq.com/resources/shy/news/detail-v2/index.html#/index?id=nesSN20260723094930a6e15571&s=b,证券新闻
2026-07-22 15:26:00,000582,证券新闻,今日61只个股突破半年线,证券时报网,http://finance.eastmoney.com/a/202607223817229576.html,证券新闻
2026-07-22 15:25:42,000582,证券新闻,北部湾港主力资金净流入186.5万 短期承压待战略落地验证,智选洞察,https://gu.qq.com/resources/shy/news/detail-v2/index.html#/index?id=nesSN20260722152943989d5b6c&s=b,证券新闻
2026-07-22 14:26:00,000582,证券新闻,今日盘中突破半年线个股,证券时报网,http://finance.eastmoney.com/a/202607223817187293.html,证券新闻
2026-07-22 11:01:43,000582,证券新闻,海运港口板块走强 中远海能涨7.01% 油轮及集装箱运价小幅回升,金吾资讯,https://gu.qq.com/resources/shy/news/detail-v2/index.html#/index?id=nesSN2026072211023097b1059e&s=b,证券新闻
2026-07-22 10:39:00,000582,证券新闻,60只股中线走稳 站上半年线,证券时报网,http://finance.eastmoney.com/a/202607223816952071.html,证券新闻
2026-07-22 10:08:22,000582,证券新闻,北部湾港涨5.02% 技术面突破与区域政策预期提振,智选洞察,https://gu.qq.com/resources/shy/news/detail-v2/index.html#/index?id=nesSN2026072210121297b0f18b&s=b,证券新闻
2026-07-22 09:30:42,000582,证券新闻,北部湾港7月21日被融资净卖出475万元,市场透视,https://gu.qq.com/resources/shy/news/detail-v2/index.html#/index?id=nesSN20260722094928989ce3be&s=b,证券新闻
2026-07-22 08:51:12,000582,证券新闻,北部湾港集团与梧州市座谈交流并签署战略合作框架协议,证券时报e公司,https://gu.qq.com/resources/shy/news/detail-v2/index.html#/index?id=nesSN20260722085311b66bde6b&s=b,证券新闻
2026-07-21 15:31:37,000582,证券新闻,北部湾港主力资金净流入313.2万 资金面与情绪共振触发短期波动,智选洞察,https://gu.qq.com/resources/shy/news/detail-v2/index.html#/index?id=nesSN2026072115384597aface2&s=b,证券新闻
2026-07-21 09:30:41,000582,证券新闻,北部湾港7月20日被融资净卖出918万元,市场透视,https://gu.qq.com/resources/shy/news/detail-v2/index.html#/index?id=nesSN2026072109493497af2cb9&s=b,证券新闻
2026-07-21 00:00:00,000582,证券新闻,航运港口：集运运价进入调整阶段 美东航线运价相对坚挺,中信建投证券股份有限公司,https://gu.qq.com/resources/shy/news/detail-v2/index.html#/index?id=nesSN20260721190900989bfc38&s=b,证券新闻
2026-07-20 19:07:55,000582,证券新闻,北部湾港铁山港西港区两个10万吨级泊位通过水工工程交工验收,北部湾港集团,https://gu.qq.com/resources/shy/news/detail-v2/index.html#/index?id=nesSN20260720200212a6dd0206&s=b,证券新闻
2026-07-20 16:07:15,000582,证券新闻,北部湾港主力资金净流出795.1万 短期情绪谨慎压制股价表现,智选洞察,https://gu.qq.com/resources/shy/news/detail-v2/index.html#/index?id=nesSN2026072016213795490df0&s=b,证券新闻
2026-07-20 11:18:14,000582,证券新闻,2600+！单航次发运量创新高 北部湾港打造汽车出海集聚高地,广西北部湾国际港务集团有限公司,https://gu.qq.com/resources/shy/news/detail-v2/index.html#/index?id=nesSN2026072011524497ad9bde&s=b,证券新闻
2026-07-20 09:30:35,000582,证券新闻,北部湾港7月17日获融资净买入23万元,市场透视,https://gu.qq.com/resources/shy/news/detail-v2/index.html#/index?id=nesSN20260720095043a4858180&s=b,证券新闻
2026-07-19 18:18:00,000582,证券新闻,两项新突破助力平陆运河通航！北部湾港集团平陆运河示范船、江海联运资质同步取得进展,北部湾港集团,https://gu.qq.com/resources/shy/news/detail-v2/index.html#/index?id=nesSN20260719182322a6db5802&s=b,证券新闻
2026-07-19 00:00:00,000582,证券新闻,2026年交运中期策略：价值洼地 趋势上行,国海证券,https://gu.qq.com/resources/shy/news/detail-v2/index.html#/index?id=nesSN2026072010305297ad7e1d&s=b,证券新闻
2026-07-18 00:00:00,000582,公告/事件,交通运输行业：业绩改善持续关注快递投资机会 避险需求提升推荐高速公路,中泰证券,https://gu.qq.com/resources/shy/news/detail-v2/index.html#/index?id=nesSN20260719195619a484d260&s=b,公告/事件
2026-07-17 15:23:18,000582,证券新闻,北部湾港主力资金净流出4928.2万 短期看空情绪增强压制上行空间,智选洞察,https://gu.qq.com/resources/shy/news/detail-v2/index.html#/index?id=nesSN202607171526279895f71f&s=b,证券新闻
2026-07-17 09:30:36,000582,证券新闻,北部湾港7月16日被融资净卖出229万元,市场透视,https://gu.qq.com/resources/shy/news/detail-v2/index.html#/index?id=nesSN20260717094903b6648b3a&s=b,证券新闻
2026-07-16 15:20:36,000582,证券新闻,北部湾港主力资金净流出3041.5万 短期情绪转慎触发技术承压,智选洞察,https://gu.qq.com/resources/shy/news/detail-v2/index.html#/index?id=nesSN20260716152206a4805d56&s=b,证券新闻
2026-07-16 09:30:37,000582,证券新闻,北部湾港7月15日获融资净买入1197万元,市场透视,https://gu.qq.com/resources/shy/news/detail-v2/index.html#/index?id=nesSN2026071609490397a7db25&s=b,证券新闻
2026-07-15 15:47:41,000582,证券新闻,北部湾港主力资金净流入387.1万 资金回流叠加情绪共振触发短期修复,智选洞察,https://gu.qq.com/resources/shy/news/detail-v2/index.html#/index?id=nesSN2026071515591598929fb2&s=b,证券新闻
2026-07-15 09:30:41,000582,证券新闻,北部湾港7月14日被融资净卖出1304万元,市场透视,https://gu.qq.com/resources/shy/news/detail-v2/index.html#/index?id=nesSN2026071509485398921732&s=b,证券新闻
2026-07-14 17:00:00,000582,证券新闻,解码国新办发布会：25亿外贸数据里，暗藏哪些投资机遇？,经鉴,https://gu.qq.com/resources/shy/news/detail-v2/index.html#/index?id=nesSN20260714180328b66008e4&s=b,证券新闻
2026-07-14 15:29:27,000582,证券新闻,北部湾港主力资金净流出365.6万 短期抛压收窄情绪趋稳,智选洞察,https://gu.qq.com/resources/shy/news/detail-v2/index.html#/index?id=nesSN2026071415342797a4d00a&s=b,证券新闻
2026-07-14 13:48:00,000582,证券新闻,北部湾港涨2.30%，成交额2.12亿元，主力资金净流入141.44万元,新浪证券,https://gu.qq.com/resources/shy/news/detail-v2/index.html#/index?id=nesSN20260714135234b65fa156&s=b,证券新闻
2026-07-13 21:00:22,000582,证券新闻,广西北部湾港量身定制 助西南磷化工产业大宗货物南北畅流,中国新闻网,https://gu.qq.com/resources/shy/news/detail-v2/index.html#/index?id=nesSN20260713210110988f8cbd&s=b,证券新闻
2026-07-13 15:37:58,000582,证券新闻,北部湾港主力资金净流出4156.9万 市场风格切换触发短期承压,智选洞察,https://gu.qq.com/resources/shy/news/detail-v2/index.html#/index?id=nesSN20260713154519b65e1095&s=b,证券新闻
2026-07-13 09:30:42,000582,证券新闻,北部湾港7月10日被融资净卖出347万元,市场透视,https://gu.qq.com/resources/shy/news/detail-v2/index.html#/index?id=nesSN20260713094850a47aa810&s=b,证券新闻
2026-07-13 00:00:00,000582,证券新闻,交通运输行业周报：圆通发布AI应用 油运再受地缘扰动,华源证券,https://gu.qq.com/resources/shy/news/detail-v2/index.html#/index?id=nesSN20260713191736b65e6853&s=b,证券新闻
2026-07-13 00:00:00,000582,证券新闻,航运港口：集运运价回落 油运、干散货运价走高,中信建投证券,https://gu.qq.com/resources/shy/news/detail-v2/index.html#/index?id=nesSN20260713154118953e2c8b&s=b,证券新闻
2026-07-10 09:30:36,000582,证券新闻,北部湾港7月9日被融资净卖出626万元,市场透视,https://gu.qq.com/resources/shy/news/detail-v2/index.html#/index?id=nesSN202607100948249539cee7&s=b,证券新闻
2026-07-09 15:36:51,000582,证券新闻,北部湾港主力资金净流出1161万 短期避险压制上行空间,智选洞察,https://gu.qq.com/resources/shy/news/detail-v2/index.html#/index?id=nesSN20260709154715979d96f2&s=b,证券新闻
2026-07-09 11:50:04,000582,证券新闻,北部湾港：控股股东尚有7个沿海货运泊位未注入上市公司,互动易,https://gu.qq.com/resources/shy/news/detail-v2/index.html#/index?id=nesSN20260709121653a47543d9&s=b,证券新闻
2026-07-09 09:30:40,000582,证券新闻,北部湾港7月8日被融资净卖出144万元,市场透视,https://gu.qq.com/resources/shy/news/detail-v2/index.html#/index?id=nesSN20260709094820979d18fb&s=b,证券新闻
2026-07-08 16:36:00,000582,证券新闻,今日突破半年线个股,证券时报网,http://finance.eastmoney.com/a/202607083798403025.html,证券新闻
2026-07-08 15:19:11,000582,证券新闻,北部湾港主力资金净流出381.8万 短期风格切换压制上行空间,智选洞察,https://gu.qq.com/resources/shy/news/detail-v2/index.html#/index?id=nesSN20260708151951a6ca5fd2&s=b,证券新闻
2026-07-08 12:47:00,000582,证券新闻,42只股中线走稳 站上半年线,证券时报网,http://finance.eastmoney.com/a/202607083798164290.html,证券新闻
2026-07-08 09:57:37,000582,证券新闻,北部湾港涨4.38% 技术面与市场情绪共振反弹,智选洞察,https://gu.qq.com/resources/shy/news/detail-v2/index.html#/index?id=nesSN20260708101407a4736008&s=b,证券新闻
2026-07-08 09:30:39,000582,证券新闻,北部湾港7月7日被融资净卖出499万元,市场透视,https://gu.qq.com/resources/shy/news/detail-v2/index.html#/index?id=nesSN20260708094825a6c9eba9&s=b,证券新闻
2026-07-08 07:43:55,000582,证券新闻,中信建投：下半年集运运价预计高位见顶回落，中长期中枢或仍维持相对高位,界面,https://gu.qq.com/resources/shy/news/detail-v2/index.html#/index?id=nesSN2026070807435598873391&s=b,证券新闻
2026-07-07 15:59:04,000582,证券新闻,北部湾港主力资金净流出2621万 短期情绪谨慎待航运修复验证,智选洞察,https://gu.qq.com/resources/shy/news/detail-v2/index.html#/index?id=nesSN20260707161717988639a3&s=b,证券新闻
2026-07-07 14:45:04,000582,证券新闻,两大航运巨头重启苏伊士运河航线,第一财经,https://gu.qq.com/resources/shy/news/detail-v2/index.html#/index?id=nesSN20260707144702979a1ef7&s=b,证券新闻
2026-07-07 09:30:35,000582,证券新闻,北部湾港7月6日被融资净卖出319万元,市场透视,https://gu.qq.com/resources/shy/news/detail-v2/index.html#/index?id=nesSN202607070949489885ace7&s=b,证券新闻
2026-07-06 23:27:59,000582,证券新闻,广西横州多个水库发生险情，当地启动一级应急响应 多家广西上市公司最新回应来了,每日经济新闻,http://finance.eastmoney.com/a/202607063795513515.html,证券新闻
2026-07-06 22:34:00,000582,证券新闻,北部湾港集团高端船用不锈钢批量启运 赋能平陆运河船舶建造,北部湾港集团,https://gu.qq.com/resources/shy/news/detail-v2/index.html#/index?id=nesSN2026070622500398851419&s=b,证券新闻
2026-07-06 16:06:47,000582,证券新闻,北部湾港主力资金净流出720.9万 市场风格切换压制短期表现,智选洞察,https://gu.qq.com/resources/shy/news/detail-v2/index.html#/index?id=nesSN2026070616220698848bdc&s=b,证券新闻
2026-07-06 09:30:40,000582,证券新闻,北部湾港7月3日被融资净卖出102万元,市场透视,https://gu.qq.com/resources/shy/news/detail-v2/index.html#/index?id=nesSN2026070609491997980833&s=b,证券新闻
2026-07-06 00:00:00,000582,证券新闻,交通运输行业周报：民航暑运开启 海湾油运通行量提升,华源证券,https://gu.qq.com/resources/shy/news/detail-v2/index.html#/index?id=nesSN202607061836569533d517&s=b,证券新闻
2026-07-03 09:30:38,000582,证券新闻,北部湾港7月2日被融资净卖出516万元,市场透视,https://gu.qq.com/resources/shy/news/detail-v2/index.html#/index?id=nesSN2026070309485397944a12&s=b,证券新闻
2026-07-03 00:00:00,000582,公告/事件,红利资产月报：分红兑现后股息优势放大 交运红利板块性价比凸显,华创证券,https://gu.qq.com/resources/shy/news/detail-v2/index.html#/index?id=nesSN2026070318565398810db8&s=b,公告/事件
2026-07-02 15:33:11,000582,公告/事件,北部湾港主力资金净流出1817.8万 短期风格切换压制情绪 长期看业绩与景气匹配,智选洞察,https://gu.qq.com/resources/shy/news/detail-v2/index.html#/index?id=nesSN20260702153811a6c17297&s=b,公告/事件
2026-07-02 09:30:39,000582,证券新闻,北部湾港7月1日被融资净卖出835万元,市场透视,https://gu.qq.com/resources/shy/news/detail-v2/index.html#/index?id=nesSN2026070209491997928e06&s=b,证券新闻
2026-07-01 15:34:00,000582,证券新闻,北部湾港主力资金净流入957.7万元 风格切换驱动低位轮动 中报验证成关键,智选洞察,https://gu.qq.com/resources/shy/news/detail-v2/index.html#/index?id=nesSN20260701153836a4690bc2&s=b,证券新闻
2026-07-01 09:30:39,000582,证券新闻,北部湾港6月30日被融资净卖出220万元,市场透视,https://gu.qq.com/resources/shy/news/detail-v2/index.html#/index?id=nesSN20260701094746952bda77&s=b,证券新闻
2026-06-30 16:45:18,000582,证券新闻,北部湾港：公司将持续聚焦主业，以规范运作为基础，不断提高公司综合竞争实力，致力于为股东创造长期投资回报,证券之星,https://gu.qq.com/resources/shy/news/detail-v2/index.html#/index?id=nesSN20260701055854a6bee807&s=b,证券新闻
2026-06-30 16:31:00,000582,证券新闻,解密主力资金出逃股 连续5日净流出672股,证券时报网,http://finance.eastmoney.com/a/202606303788361746.html,证券新闻
2026-06-30 15:39:22,000582,证券新闻,北部湾港主力资金净流出556.8万元 短期情绪谨慎待区域战略兑现,智选洞察,https://gu.qq.com/resources/shy/news/detail-v2/index.html#/index?id=nesSN20260630155118a6bdeb5e&s=b,证券新闻
2026-06-30 09:30:40,000582,证券新闻,北部湾港6月29日被融资净卖出1827万元,市场透视,https://gu.qq.com/resources/shy/news/detail-v2/index.html#/index?id=nesSN20260630094844987afda0&s=b,证券新闻
2026-06-29 22:26:48,000582,证券新闻,北部湾港集团赴越南、马来西亚 推动拓展多领域合作空间,广西北部湾国际港务集团有限公司,https://gu.qq.com/resources/shy/news/detail-v2/index.html#/index?id=nesSN20260629224214a6bcb6ac&s=b,证券新闻
2026-06-29 15:50:17,000582,证券新闻,北部湾港主力资金净流出4960.3万 短期避险情绪压制上行空间,智选洞察,https://gu.qq.com/resources/shy/news/detail-v2/index.html#/index?id=nesSN202606291600199528d8c1&s=b,证券新闻
2026-06-29 09:30:37,000582,证券新闻,北部湾港6月26日被融资净卖出301万元,市场透视,https://gu.qq.com/resources/shy/news/detail-v2/index.html#/index?id=nesSN20260629094822a464f42a&s=b,证券新闻
2026-06-27 21:53:48,000582,证券新闻,3台40吨门机已就位！北海铁山港西港区两个10万吨级泊位建设提速,北部湾港集团,https://gu.qq.com/resources/shy/news/detail-v2/index.html#/index?id=nesSN20260627224118a6b9e8a6&s=b,证券新闻
2026-06-26 15:18:19,000582,证券新闻,北部湾港主力资金净流出6941.3万 短期波动不改长期价值回归,智选洞察,https://gu.qq.com/resources/shy/news/detail-v2/index.html#/index?id=nesSN20260626151848b644477d&s=b,证券新闻
2026-06-26 10:44:37,000582,证券新闻,6月25日券商研报对A股公司盈利预测一览：下调2家，上调2家,每日经济新闻,http://finance.eastmoney.com/a/202606263784419373.html,证券新闻
2026-06-26 09:30:37,000582,证券新闻,北部湾港6月25日被融资净卖出2798万元,市场透视,https://gu.qq.com/resources/shy/news/detail-v2/index.html#/index?id=nesSN20260626094818a6b7849a&s=b,证券新闻
2026-06-25 15:58:17,000582,证券新闻,北部湾港：归还5亿元闲置募集资金补流款项,公司公告,https://gu.qq.com/resources/shy/news/detail-v2/index.html#/index?id=nesSN20260625161152a6b64233&s=b,证券新闻
2026-06-25 15:40:53,000582,证券新闻,北部湾港主力资金净流出1.1亿元 短期情绪扰动不改战略成长主线,智选洞察,https://gu.qq.com/resources/shy/news/detail-v2/index.html#/index?id=nesSN20260625154953b6428570&s=b,证券新闻
2026-06-25 14:42:51,000582,证券新闻,北部湾港集团成功发行5亿元‘一带一路’短期公司债，票面利率创广西新低,睿思,https://gu.qq.com/resources/shy/news/detail-v2/index.html#/index?id=nesSN202606251453109788154b&s=b,证券新闻
2026-06-25 09:30:37,000582,证券新闻,北部湾港6月24日被融资净卖出244万元,市场透视,https://gu.qq.com/resources/shy/news/detail-v2/index.html#/index?id=nesSN20260625094850a6b5b646&s=b,证券新闻
2026-06-25 00:00:00,000582,证券新闻,北部湾港：平陆运河通航 盈利有望跃升,天风证券,https://gu.qq.com/resources/shy/news/detail-v2/index.html#/index?id=nesSN2026062514514995231eb1&s=b,证券新闻
2026-06-24 09:30:37,000582,证券新闻,北部湾港6月23日被融资净卖出1010万元,市场透视,https://gu.qq.com/resources/shy/news/detail-v2/index.html#/index?id=nesSN202606240948259785f34b&s=b,证券新闻
2026-06-23 15:25:14,000582,证券新闻,北部湾港主力资金净流入1293.3万 资金回流叠加低估值板块轮动,智选洞察,https://gu.qq.com/resources/shy/news/detail-v2/index.html#/index?id=nesSN202606231527389784c267&s=b,证券新闻
2026-06-23 09:30:40,000582,证券新闻,北部湾港6月22日被融资净卖出473万元,市场透视,https://gu.qq.com/resources/shy/news/detail-v2/index.html#/index?id=nesSN2026062309474897844a73&s=b,证券新闻
2026-06-22 16:26:01,000582,证券新闻,今天下午下午北部湾港与最少17个国家签约,ZAKER,https://gu.qq.com/resources/shy/news/detail-v2/index.html#/index?id=nesSN20260622163834a6b10901&s=b,证券新闻
2026-06-22 15:30:07,000582,证券新闻,北部湾港主力资金净流出3006.8万 短期抛压缩窄情绪趋稳,智选洞察,https://gu.qq.com/resources/shy/news/detail-v2/index.html#/index?id=nesSN20260622153427951e22ba&s=b,证券新闻
2026-06-22 09:30:37,000582,证券新闻,北部湾港6月18日被融资净卖出307万元,市场透视,https://gu.qq.com/resources/shy/news/detail-v2/index.html#/index?id=nesSN2026062209473797829932&s=b,证券新闻
2026-06-19 22:40:00,000582,证券新闻,六个项目获奖！北部湾港集团在2026港航大模型智能体创新应用大赛斩获佳绩,北部湾港集团,https://gu.qq.com/resources/shy/news/detail-v2/index.html#/index?id=nesSN20260619234315a4575fdd&s=b,证券新闻
2026-06-18 15:23:21,000582,证券新闻,北部湾港主力资金净流出8008.5万元 短期情绪扰动不改长期基建逻辑,智选洞察,https://gu.qq.com/resources/shy/news/detail-v2/index.html#/index?id=nesSN20260618152544977e435b&s=b,证券新闻
2026-06-18 10:49:03,000582,证券新闻,北部湾港大跌5% 近半年3家券商增持,智选洞察,https://gu.qq.com/resources/shy/news/detail-v2/index.html#/index?id=nesSN20260618104908a6abc687&s=b,证券新闻
2026-06-18 09:30:40,000582,证券新闻,北部湾港6月17日获融资净买入508万元 环比降低41.12%,市场透视,https://gu.qq.com/resources/shy/news/detail-v2/index.html#/index?id=nesSN20260618094732a45502a4&s=b,证券新闻
2026-06-17 15:34:27,000582,证券新闻,北部湾港主力资金净流入3924.7万元 资金由出转入提振短期表现,智选洞察,https://gu.qq.com/resources/shy/news/detail-v2/index.html#/index?id=nesSN20260617153935a6aa66fc&s=b,证券新闻
2026-06-17 10:25:17,000582,证券新闻,运价翻倍、吨海里激增！惠誉：全球航运业展望上调至“中性”,中国远洋海运e刊,https://gu.qq.com/resources/shy/news/detail-v2/index.html#/index?id=nesSN20260616161009977b0963&s=b,证券新闻
2026-06-17 09:30:37,000582,证券新闻,北部湾港6月16日获融资净买入863万元,市场透视,https://gu.qq.com/resources/shy/news/detail-v2/index.html#/index?id=nesSN20260617094756b63639b3&s=b,证券新闻
2026-06-16 17:31:00,000582,证券新闻,航运概念下跌1.19%，5股主力资金净流出超5000万元,证券时报网,http://finance.eastmoney.com/a/202606163773145116.html,证券新闻
2026-06-16 15:33:53,000582,证券新闻,北部湾港主力资金净流出424.4万元 短期抛压加剧震荡整固,智选洞察,https://gu.qq.com/resources/shy/news/detail-v2/index.html#/index?id=nesSN20260616153940a6a89783&s=b,证券新闻
2026-06-16 09:30:36,000582,证券新闻,北部湾港6月15日被融资净卖出1464万元,市场透视,https://gu.qq.com/resources/shy/news/detail-v2/index.html#/index?id=nesSN2026061609472095158add&s=b,证券新闻
2026-06-15 16:46:00,000582,证券新闻,解密主力资金出逃股 连续5日净流出412股,证券时报网,http://finance.eastmoney.com/a/202606153771590818.html,证券新闻
2026-06-15 15:50:14,000582,证券新闻,北部湾港主力资金净流出283.6万 短期避险情绪升温引发波动,智选洞察,https://gu.qq.com/resources/shy/news/detail-v2/index.html#/index?id=nesSN20260615160102951470ce&s=b,证券新闻
2026-06-15 15:15:25,000582,证券新闻,最高超百万手封单！港口航运掀涨停潮，霍尔木兹海峡传来大消息,腾讯自选股综合,https://gu.qq.com/resources/shy/news/detail-v2/index.html#/index?id=nesSN20260615101000a44fa3f3&s=b,证券新闻
2026-06-15 09:32:19,000582,证券新闻,地缘拐点落地！美伊协议引爆航运，油运补库周期开启,财闻,https://gu.qq.com/resources/shy/news/detail-v2/index.html#/index?id=nesSN20260613161336b6308f1c&s=b,证券新闻
2026-06-15 09:30:37,000582,证券新闻,北部湾港6月12日被融资净卖出936万元,市场透视,https://gu.qq.com/resources/shy/news/detail-v2/index.html#/index?id=nesSN20260615094742b6329163&s=b,证券新闻
2026-06-15 00:00:00,000582,证券新闻,交通运输行业周报：霍尔木兹机制重构在即 油运定价逻辑或迎变化,中银证券,https://gu.qq.com/resources/shy/news/detail-v2/index.html#/index?id=nesSN20260615190431a4506870&s=b,证券新闻
2026-06-13 00:00:00,000582,证券新闻,交通运输行业：油价回落航空预期修复增强 关注油运低位布局机会,中泰证券,https://gu.qq.com/resources/shy/news/detail-v2/index.html#/index?id=nesSN202606141441159863dfbd&s=b,证券新闻
2026-06-12 15:45:59,000582,证券新闻,北部湾港主力资金净流出123.4万 短期波动待情绪修复 长期价值获基本面支撑,智选洞察,https://gu.qq.com/resources/shy/news/detail-v2/index.html#/index?id=nesSN2026061215551695108522&s=b,证券新闻
2026-06-12 12:00:33,000582,证券新闻,"北部湾港：截至2026年3月31日，公司股东总户数为67,489",证星董秘互动,https://gu.qq.com/resources/shy/news/detail-v2/index.html#/index?id=nesSN20260612120421b62eb6cb&s=b,证券新闻
2026-06-12 11:36:06,000582,证券新闻,北部湾港：国际航运运价波动不会直接带来明显的边际收益,互动易,https://gu.qq.com/resources/shy/news/detail-v2/index.html#/index?id=nesSN20260612121150986128ab&s=b,证券新闻
2026-06-12 09:30:38,000582,证券新闻,北部湾港6月11日被融资净卖出488万元,市场透视,https://gu.qq.com/resources/shy/news/detail-v2/index.html#/index?id=nesSN20260612094720951001fc&s=b,证券新闻
2026-06-11 17:31:00,000582,证券新闻,解密主力资金出逃股 连续5日净流出661股,证券时报网,http://finance.eastmoney.com/a/202606113768404466.html,证券新闻
2026-06-11 16:05:07,000582,公告/事件,北部湾港主力资金净流出4506.2万元 短期情绪压制待政策与业绩验证,智选洞察,https://gu.qq.com/resources/shy/news/detail-v2/index.html#/index?id=nesSN20260611161249a44a5904&s=b,公告/事件
2026-06-11 09:30:40,000582,证券新闻,北部湾港6月10日被融资净卖出889万元,市场透视,https://gu.qq.com/resources/shy/news/detail-v2/index.html#/index?id=nesSN20260611094818985f379a&s=b,证券新闻
2026-06-10 17:37:00,000582,证券新闻,解密主力资金出逃股 连续5日净流出684股,证券时报网,http://finance.eastmoney.com/a/202606103766792144.html,证券新闻
2026-06-10 15:51:19,000582,证券新闻,北部湾港主力资金净流出1.3亿元 短期情绪压制股价修复待基本面验证,智选洞察,https://gu.qq.com/resources/shy/news/detail-v2/index.html#/index?id=nesSN20260610160106985dfc6a&s=b,证券新闻
2026-06-10 13:21:21,000582,证券新闻,北部湾港大跌5% 券商增持,智选洞察,https://gu.qq.com/resources/shy/news/detail-v2/index.html#/index?id=nesSN20260610132127950cd332&s=b,证券新闻
2026-06-10 09:30:37,000582,证券新闻,北部湾港6月9日被融资净卖出640万元,市场透视,https://gu.qq.com/resources/shy/news/detail-v2/index.html#/index?id=nesSN20260610094729985d747b&s=b,证券新闻
2026-06-09 15:26:22,000582,公告/事件,北部湾港主力资金净流出2037.9万 短期承压震荡长期业绩筑底,智选洞察,https://gu.qq.com/resources/shy/news/detail-v2/index.html#/index?id=nesSN20260609152937b629c17d&s=b,公告/事件
2026-06-09 09:30:39,000582,证券新闻,北部湾港6月8日被融资净卖出4272万元,市场透视,https://gu.qq.com/resources/shy/news/detail-v2/index.html#/index?id=nesSN20260609094729976fb6c2&s=b,证券新闻
2026-06-08 15:44:41,000582,证券新闻,北部湾港主力资金净流出7689.6万 短期避险抛压与长期运河红利博弈,智选洞察,https://gu.qq.com/resources/shy/news/detail-v2/index.html#/index?id=nesSN20260608155402985a7bd4&s=b,证券新闻
2026-06-08 13:17:26,000582,证券新闻,平陆运河通航在即，西南至北部湾出海通道效率大幅提升,中国能源网,https://gu.qq.com/resources/shy/news/detail-v2/index.html#/index?id=nesSN20260608131937a69b81d7&s=b,证券新闻
2026-06-08 09:30:42,000582,证券新闻,北部湾港6月5日获融资净买入936万元,市场透视,https://gu.qq.com/resources/shy/news/detail-v2/index.html#/index?id=nesSN20260608094730a44487cd&s=b,证券新闻
2026-06-07 00:00:00,000582,证券新闻,航运港口行业专题研究：航运港口2026年5月专题：集装箱吞吐量维持高增 原油吞吐量降幅可控,国海证券,https://gu.qq.com/resources/shy/news/detail-v2/index.html#/index?id=nesSN202606071851299859400f&s=b,证券新闻
2026-06-06 00:00:00,000582,证券新闻,交通运输行业定期报告：“反内卷”强化重视快递低位机会 旺季需求释放看好集运表现,中泰证券,https://gu.qq.com/resources/shy/news/detail-v2/index.html#/index?id=nesSN20260607084042b6264c98&s=b,证券新闻
2026-06-05 17:23:30,000582,证券新闻,打通“广西房车”出海快车道,中国水运网,https://gu.qq.com/resources/shy/news/detail-v2/index.html#/index?id=nesSN202606051727099505d86d&s=b,证券新闻
2026-06-05 16:30:00,000582,证券新闻,海运涨价速度罕见，“一舱难求”再现,央视财经,https://gu.qq.com/resources/shy/news/detail-v2/index.html#/index?id=nesSN202606051631539505c2f3&s=b,证券新闻
2026-06-05 15:38:56,000582,证券新闻,北部湾港主力资金净流出8333.8万 抛压收窄情绪趋稳待基本面验证,智选洞察,https://gu.qq.com/resources/shy/news/detail-v2/index.html#/index?id=nesSN202606051545159505ad06&s=b,证券新闻
2026-06-05 09:30:40,000582,证券新闻,北部湾港6月4日被融资净卖出1555万元,市场透视,https://gu.qq.com/resources/shy/news/detail-v2/index.html#/index?id=nesSN2026060509472095052e72&s=b,证券新闻
2026-06-05 09:30:36,000582,证券新闻,北部湾港大跌5% 近半年3家券商增持,智选洞察,https://gu.qq.com/resources/shy/news/detail-v2/index.html#/index?id=nesSN20260605093138a440a0f4&s=b,证券新闻
2026-06-04 21:29:00,000582,证券新闻,龙虎榜机构新动向：净买入20股 净卖出20股,证券时报网,http://finance.eastmoney.com/a/202606043760674841.html,证券新闻
2026-06-04 21:28:00,000582,证券新闻,深股通现身19只个股龙虎榜,证券时报网,http://finance.eastmoney.com/a/202606043760676797.html,证券新闻
2026-06-04 17:13:00,000582,证券新闻,6月4日龙虎榜净卖出额前10个股,南方财经网,http://finance.eastmoney.com/a/202606043760484488.html,证券新闻
2026-06-04 16:55:00,000582,证券新闻,"北部湾港跌停,机构净卖出9527.41万元,深股通净卖出8812.83万元",证券时报,https://gu.qq.com/resources/shy/news/detail-v2/index.html#/index?id=nesSN202606050656159504f638&s=b,证券新闻
2026-06-04 15:47:30,000582,证券新闻,北部湾港主力资金净流出2.8亿元 短期情绪转弱压制股价 长期逻辑未改,智选洞察,https://gu.qq.com/resources/shy/news/detail-v2/index.html#/index?id=nesSN202606041555369768f916&s=b,证券新闻
2026-06-04 14:22:51,000582,公告/事件,北部湾港跌停，业绩增速放缓,智选洞察,https://gu.qq.com/resources/shy/news/detail-v2/index.html#/index?id=nesSN202606041423129768d5a4&s=b,公告/事件
2026-06-04 11:11:09,000582,证券新闻,新船造价连涨九周，船舶板块大涨放量，布局机会来了？,ETF小管家,https://gu.qq.com/resources/shy/news/detail-v2/index.html#/index?id=nesSN20260604120532a72e78ee&s=b,证券新闻
2026-06-04 10:37:36,000582,证券新闻,北部湾港大跌5% 近半年3家券商增持,智选洞察,https://gu.qq.com/resources/shy/news/detail-v2/index.html#/index?id=nesSN2026060410374297688ccb&s=b,证券新闻
2026-06-04 09:30:41,000582,证券新闻,北部湾港6月3日获融资净买入2663万元 环比降低24.16%,市场透视,https://gu.qq.com/resources/shy/news/detail-v2/index.html#/index?id=nesSN20260604094803b621fdeb&s=b,证券新闻
2026-06-03 19:45:51,000582,证券新闻,平陆运河今日全线通水！哪些上市公司将受益？,中国证券网,https://gu.qq.com/resources/shy/news/detail-v2/index.html#/index?id=nesSN202606031952199767a483&s=b,证券新闻
2026-06-03 19:44:00,000582,证券新闻,平陆运河今日全线通水！哪些上市公司将受益？,上海证券报,http://finance.eastmoney.com/a/202606033759188395.html,证券新闻
2026-06-03 16:46:00,000582,证券新闻,交通运输行业今日净流出资金16.10亿元，招商南油等5股净流出资金超亿元,证券时报网,http://finance.eastmoney.com/a/202606033759062060.html,证券新闻
2026-06-03 15:55:26,000582,证券新闻,北部湾港主力资金净流入2995万 短期波动整固待景气验证,智选洞察,https://gu.qq.com/resources/shy/news/detail-v2/index.html#/index?id=nesSN20260603160633a72d2045&s=b,证券新闻
2026-06-03 13:04:00,000582,证券新闻,北部湾港涨停，战略合作落地,智选洞察,https://gu.qq.com/resources/shy/news/detail-v2/index.html#/index?id=nesSN20260603130418a43d98b3&s=b,证券新闻
2026-06-03 11:29:00,000582,证券新闻,北部湾港涨5%创近9年新高,智选洞察,https://gu.qq.com/resources/shy/news/detail-v2/index.html#/index?id=nesSN20260603112906a72cc359&s=b,证券新闻
2026-06-03 09:48:21,000582,证券新闻,北部湾港突破60日新高，战略合作落地,智选洞察,https://gu.qq.com/resources/shy/news/detail-v2/index.html#/index?id=nesSN20260603094940a72c9bd2&s=b,证券新闻
2026-06-03 09:30:38,000582,证券新闻,北部湾港6月2日获融资净买入3512万元,市场透视,https://gu.qq.com/resources/shy/news/detail-v2/index.html#/index?id=nesSN202606030948199766c9ee&s=b,证券新闻
2026-06-02 19:30:00,000582,证券新闻,【港航动态快讯】江苏省港口集团与北部湾港集团签署战略合作协议,广东省港口协会,https://gu.qq.com/resources/shy/news/detail-v2/index.html#/index?id=nesSN2026060303360997666699&s=b,证券新闻
2026-06-02 15:19:57,000582,公告/事件,北部湾港主力资金净流入4649.6万 港口防御属性叠加业绩支撑估值修复,智选洞察,https://gu.qq.com/resources/shy/news/detail-v2/index.html#/index?id=nesSN2026060215205197658977&s=b,公告/事件
2026-06-02 13:06:24,000582,证券新闻,北部湾港创52周新高，平陆运河9月通航,智选洞察,https://gu.qq.com/resources/shy/news/detail-v2/index.html#/index?id=nesSN202606021307459851603b&s=b,证券新闻
2026-06-02 11:22:51,000582,证券新闻,北部湾港涨5.3% 近半年3家券商增持,智选洞察,https://gu.qq.com/resources/shy/news/detail-v2/index.html#/index?id=nesSN2026060211225697653d7b&s=b,证券新闻
2026-06-01 15:19:03,000582,证券新闻,北部湾港主力资金净流出5631.6万元 短期情绪扰动不改长期估值修复,智选洞察,https://gu.qq.com/resources/shy/news/detail-v2/index.html#/index?id=nesSN20260601151946a43a642f&s=b,证券新闻
2026-06-01 09:30:37,000582,证券新闻,北部湾港5月29日获融资净买入84万元 环比降低76.48%,市场透视,https://gu.qq.com/resources/shy/news/detail-v2/index.html#/index?id=nesSN20260601094713a7293703&s=b,证券新闻
2026-06-01 00:17:22,000582,公告/事件,北部湾港2025年研发投入加码 智慧港口建设提速 业绩现分化格局,ITBEAR科技资讯,https://gu.qq.com/resources/shy/news/detail-v2/index.html#/index?id=nesSN20260601004037b61c826f&s=b,公告/事件
2026-05-31 00:00:00,000582,证券新闻,交通运输产业行业周报：集运运价大幅上涨 平陆运河航道主体工程开挖完成,国金证券,https://gu.qq.com/resources/shy/news/detail-v2/index.html#/index?id=nesSN20260531154158984e95f5&s=b,证券新闻
2026-05-29 15:36:08,000582,证券新闻,北部湾港主力资金净流入3775.9万元 短期情绪回暖提振股价表现,智选洞察,https://gu.qq.com/resources/shy/news/detail-v2/index.html#/index?id=nesSN20260529154123b6198ea8&s=b,证券新闻
2026-05-29 10:06:48,000582,证券新闻,北部湾港涨5% 券商增持,智选洞察,https://gu.qq.com/resources/shy/news/detail-v2/index.html#/index?id=nesSN20260529100653a7255faf&s=b,证券新闻
2026-05-28 15:28:51,000582,证券新闻,北部湾港主力资金净流出4527.9万元 短期谨慎情绪压制上行空间,智选洞察,https://gu.qq.com/resources/shy/news/detail-v2/index.html#/index?id=nesSN2026052815324694f93a94&s=b,证券新闻
2026-05-28 09:30:57,000582,证券新闻,北部湾港涨5.35% 近半年3家券商增持,智选洞察,https://gu.qq.com/resources/shy/news/detail-v2/index.html#/index?id=nesSN20260528093140a7231592&s=b,证券新闻
2026-05-28 09:30:42,000582,证券新闻,北部湾港5月27日被融资净卖出811万元,市场透视,https://gu.qq.com/resources/shy/news/detail-v2/index.html#/index?id=nesSN20260528094655975d7413&s=b,证券新闻
2026-05-27 15:30:44,000582,证券新闻,北部湾港主力资金净流出3898.2万元 短期情绪扰动压制上行 长期依赖合作落地,智选洞察,https://gu.qq.com/resources/shy/news/detail-v2/index.html#/index?id=nesSN20260527153448a4ca9260&s=b,证券新闻
2026-05-27 10:46:18,000582,证券新闻,北部湾港创52周新高，Q1净利增17%,智选洞察,https://gu.qq.com/resources/shy/news/detail-v2/index.html#/index?id=nesSN20260527104716975ad3b5&s=b,证券新闻
2026-05-27 09:36:18,000582,证券新闻,北部湾港涨5.24% 券商增持,智选洞察,https://gu.qq.com/resources/shy/news/detail-v2/index.html#/index?id=nesSN20260527093652a4c9c8be&s=b,证券新闻
2026-05-27 09:30:38,000582,证券新闻,北部湾港5月26日被融资净卖出365万元,市场透视,https://gu.qq.com/resources/shy/news/detail-v2/index.html#/index?id=nesSN2026052709471894f59d4e&s=b,证券新闻
2026-05-27 09:24:16,000582,证券新闻,北部湾港集团与越南航海总公司交流座谈,国际金融报,https://gu.qq.com/resources/shy/news/detail-v2/index.html#/index?id=nesSN20260527092520975a99aa&s=b,证券新闻
2026-05-26 18:18:35,000582,证券新闻,北部湾港中标63.72万元 获券商积极评价股价上涨,自选股中标信息,https://gu.qq.com/resources/shy/news/detail-v2/index.html#/index?id=nesSN20260526181839a4c8590b&s=b,证券新闻
2026-05-26 18:18:35,000582,证券新闻,北部湾港中标141.70万元 获券商积极评级股价上涨,自选股中标信息,https://gu.qq.com/resources/shy/news/detail-v2/index.html#/index?id=nesSN20260526181839975938ec&s=b,证券新闻
2026-05-26 09:30:41,000582,证券新闻,北部湾港5月25日获融资净买入1626万元,市场透视,https://gu.qq.com/resources/shy/news/detail-v2/index.html#/index?id=nesSN2026052609475794f31110&s=b,证券新闻
2026-05-25 16:11:25,000582,证券新闻,3132 万 ! 镇江船厂拟中标 1 艘4000 马力全回转拖轮,船海装备网,https://gu.qq.com/resources/shy/news/detail-v2/index.html#/index?id=nesSN2026052519262094f1d236&s=b,证券新闻
2026-05-25 15:33:27,000582,公告/事件,北部湾港主力资金净流入5605万 短期情绪回暖叠加政策催化 短期震荡整固待业绩验证,智选洞察,https://gu.qq.com/resources/shy/news/detail-v2/index.html#/index?id=nesSN2026052515380294f15307&s=b,公告/事件
2026-05-25 10:35:30,000582,证券新闻,北部湾港涨5% 券商增持,智选洞察,https://gu.qq.com/resources/shy/news/detail-v2/index.html#/index?id=nesSN202605251035369755ce43&s=b,证券新闻
2026-05-25 09:30:37,000582,证券新闻,北部湾港5月22日被融资净卖出72万元,市场透视,https://gu.qq.com/resources/shy/news/detail-v2/index.html#/index?id=nesSN20260525094500a4c4c271&s=b,证券新闻
2026-05-23 07:36:57,000582,证券新闻,招标突变！北部湾港钦州码头 4000 马力纯电池动力拖轮项目宣告流标,船海装备网,https://gu.qq.com/resources/shy/news/detail-v2/index.html#/index?id=nesSN20260523074810a4c14b3b&s=b,证券新闻
2026-05-23 00:00:00,000582,证券新闻,交通运输行业定期报告：油价扰动未明等待航空右侧布局机会 极兔速递新晋港股蓝筹重点推荐,中泰证券,https://gu.qq.com/resources/shy/news/detail-v2/index.html#/index?id=nesSN2026052411362794ef1ffd&s=b,证券新闻
2026-05-22 15:21:59,000582,证券新闻,北部湾港主力资金净流出2706万 短期情绪扰动不改长期价值锚定,智选洞察,https://gu.qq.com/resources/shy/news/detail-v2/index.html#/index?id=nesSN2026052215232194eb9d3e&s=b,证券新闻
2026-05-22 09:30:39,000582,证券新闻,北部湾港5月21日被融资净卖出727万元,市场透视,https://gu.qq.com/resources/shy/news/detail-v2/index.html#/index?id=nesSN20260522094651974ff476&s=b,证券新闻
2026-05-21 15:22:56,000582,证券新闻,北部湾港主力资金净流出852.2万 短期抛压收窄情绪趋稳,智选洞察,https://gu.qq.com/resources/shy/news/detail-v2/index.html#/index?id=nesSN20260521152426a713f0eb&s=b,证券新闻
2026-05-21 12:54:48,000582,证券新闻,集运市场欧美、中东、红海等多条航线出现爆舱,财联社,https://gu.qq.com/resources/shy/news/detail-v2/index.html#/index?id=nesSN20260521125448a713a3b2&s=b,证券新闻
2026-05-21 09:30:37,000582,证券新闻,北部湾港5月20日被融资净卖出775万元,市场透视,https://gu.qq.com/resources/shy/news/detail-v2/index.html#/index?id=nesSN20260521094730974d4347&s=b,证券新闻
2026-05-20 15:29:20,000582,证券新闻,北部湾港主力资金净流出5431万 短期波动不改长期价值逻辑,智选洞察,https://gu.qq.com/resources/shy/news/detail-v2/index.html#/index?id=nesSN20260520153218974b6395&s=b,证券新闻
2026-05-20 09:30:39,000582,证券新闻,北部湾港5月19日获融资净买入1746万元 环比降低24.72%,市场透视,https://gu.qq.com/resources/shy/news/detail-v2/index.html#/index?id=nesSN20260520094651974aa7fb&s=b,证券新闻
2026-05-19 18:25:30,000582,公告/事件,北部湾港分红0.8元/10股，派息比19.4%,智选洞察,https://gu.qq.com/resources/shy/news/detail-v2/index.html#/index?id=nesSN20260519182550a4b8a1d1&s=b,公告/事件
2026-05-19 18:23:27,000582,公告/事件,北部湾港：利润分配股权登记日为2026年5月26日,每日经济新闻,https://gu.qq.com/resources/shy/news/detail-v2/index.html#/index?id=nesSN2026051918242297493284&s=b,公告/事件
2026-05-19 15:59:00,000582,证券新闻,李显龙参访北部湾港集团,港口圈,https://gu.qq.com/resources/shy/news/detail-v2/index.html#/index?id=nesSN2026051919125997494cbb&s=b,证券新闻
2026-05-19 15:42:47,000582,证券新闻,北部湾港主力资金净流入9782.7万元 港口估值修复预期强化,智选洞察,https://gu.qq.com/resources/shy/news/detail-v2/index.html#/index?id=nesSN20260519154829a70efa25&s=b,证券新闻
2026-05-19 09:45:51,000582,证券新闻,北部湾港涨5% 券商看好,智选洞察,https://gu.qq.com/resources/shy/news/detail-v2/index.html#/index?id=nesSN2026051909455697480a03&s=b,证券新闻
2026-05-19 09:30:39,000582,证券新闻,北部湾港5月18日获融资净买入2319万元 环比增加156.22%,市场透视,https://gu.qq.com/resources/shy/news/detail-v2/index.html#/index?id=nesSN2026051909474494e2fab6&s=b,证券新闻
2026-05-18 15:47:48,000582,证券新闻,北部湾港主力资金净流入6806.6万元 短期情绪回暖支撑企稳反弹,智选洞察,https://gu.qq.com/resources/shy/news/detail-v2/index.html#/index?id=nesSN2026051815555494e14c9e&s=b,证券新闻
2026-05-18 09:30:38,000582,证券新闻,北部湾港5月15日获融资净买入905万元 环比增加28.03%,市场透视,https://gu.qq.com/resources/shy/news/detail-v2/index.html#/index?id=nesSN2026051809471994e084a7&s=b,证券新闻
2026-05-16 11:14:00,000582,证券新闻,北部湾港集团与平陆运河集团签署战略合作协议,人民财讯,https://gu.qq.com/resources/shy/news/detail-v2/index.html#/index?id=nesSN2026051611143294dd638a&s=b,证券新闻
2026-05-15 19:30:16,000582,证券新闻,北部湾港：西部陆海新通道核心枢纽,证星董秘互动,https://gu.qq.com/resources/shy/news/detail-v2/index.html#/index?id=nesSN2026051519314594dc1a70&s=b,证券新闻
2026-05-15 18:21:02,000582,证券新闻,北部湾港：公司是西部陆海新通道核心枢纽，相较珠三角、长三角港口，具备东盟方向路径短、时效快，西南腹地成本低、海铁联运服务强的优势,互动易,https://gu.qq.com/resources/shy/news/detail-v2/index.html#/index?id=nesSN20260515195823a4b0ac01&s=b,证券新闻
2026-05-15 15:20:16,000582,证券新闻,北部湾港主力资金净流出5093.3万元 短期风格切换压制表现 长期区域红利待重估,智选洞察,https://gu.qq.com/resources/shy/news/detail-v2/index.html#/index?id=nesSN202605151521189740959d&s=b,证券新闻
2026-05-15 09:30:38,000582,证券新闻,北部湾港5月14日获融资净买入707万元,市场透视,https://gu.qq.com/resources/shy/news/detail-v2/index.html#/index?id=nesSN20260515095132973febd1&s=b,证券新闻
2026-05-14 15:45:37,000582,证券新闻,北部湾港主力资金净流出2337.1万 短期震荡整固待景气验证,智选洞察,https://gu.qq.com/resources/shy/news/detail-v2/index.html#/index?id=nesSN20260514155354a4add0f4&s=b,证券新闻
2026-05-14 09:30:41,000582,证券新闻,北部湾港5月13日被融资净卖出355万元,市场透视,https://gu.qq.com/resources/shy/news/detail-v2/index.html#/index?id=nesSN20260514094729a703d89f&s=b,证券新闻
2026-05-13 15:24:57,000582,证券新闻,北部湾港主力资金净流出6379.5万元 短期避险情绪升温压制上行空间,智选洞察,https://gu.qq.com/resources/shy/news/detail-v2/index.html#/index?id=nesSN20260513152739a4ab5eef&s=b,证券新闻
2026-05-13 09:30:36,000582,证券新闻,北部湾港5月12日获融资净买入262万元 环比降低96.78%,市场透视,https://gu.qq.com/resources/shy/news/detail-v2/index.html#/index?id=nesSN20260513094916973afa2a&s=b,证券新闻
2026-05-12 15:44:25,000582,证券新闻,北部湾港主力资金净流出2188.4万 短期抛压收窄情绪趋稳,智选洞察,https://gu.qq.com/resources/shy/news/detail-v2/index.html#/index?id=nesSN20260512155442a7000af8&s=b,证券新闻
2026-05-12 09:55:53,000582,证券新闻,【独家】“运河+自贸港”！平陆运河力争东博会期间通航 构建“洋浦港—北部湾港—平陆运河”通道,人民财讯,https://gu.qq.com/resources/shy/news/detail-v2/index.html#/index?id=nesSN202605120955579737c4e0&s=b,证券新闻
2026-05-12 09:30:41,000582,证券新闻,北部湾港5月11日获融资净买入8133万元,市场透视,https://gu.qq.com/resources/shy/news/detail-v2/index.html#/index?id=nesSN20260512094748a6ffe5ce&s=b,证券新闻
2026-05-11 16:02:40,000582,证券新闻,北部湾港主力资金净流出9307.9万 短期获利了结触发震荡整固,智选洞察,https://gu.qq.com/resources/shy/news/detail-v2/index.html#/index?id=nesSN202605111613579734b604&s=b,证券新闻
2026-05-11 09:42:01,000582,证券新闻,北部湾港大幅下跌 获利盘回吐与市场风格切换,智选洞察,https://gu.qq.com/resources/shy/news/detail-v2/index.html#/index?id=nesSN20260511100623a4a8ae51&s=b,证券新闻
2026-05-11 09:30:38,000582,证券新闻,北部湾港5月8日被融资净卖出435万元,市场透视,https://gu.qq.com/resources/shy/news/detail-v2/index.html#/index?id=nesSN2026051109474697335599&s=b,证券新闻
2026-05-09 00:00:00,000582,证券新闻,航运港口行业动态报告：阿联酋退出OPEC 看好油运牛市不动摇,中信建投证券,https://gu.qq.com/resources/shy/news/detail-v2/index.html#/index?id=nesSN20260509140213a6fefc0f&s=b,证券新闻
2026-05-08 16:04:06,000582,证券新闻,北部湾港主力资金净流入1.9亿元 短期情绪提振叠加区域战略催化,智选洞察,https://gu.qq.com/resources/shy/news/detail-v2/index.html#/index?id=nesSN20260508161831a4a507c9&s=b,证券新闻
2026-05-08 15:59:59,000582,证券新闻,北部湾港怎么了？丨港口圈,港口圈,https://gu.qq.com/resources/shy/news/detail-v2/index.html#/index?id=nesSN20260508173546a6fc1133&s=b,证券新闻
2026-05-08 15:55:03,000582,证券新闻,北部湾港：当前，公司正在开展平陆运河沿线的货源摸排与相应的泊位改造工程，以适配江海联运需求,每日经济新闻,https://gu.qq.com/resources/shy/news/detail-v2/index.html#/index?id=nesSN20260508155726a6fbb39d&s=b,证券新闻
2026-05-08 09:53:28,000582,证券新闻,港口航运板块盘初拉升，北部湾港涨停,财经网,https://gu.qq.com/resources/shy/news/detail-v2/index.html#/index?id=nesSN20260508095857a4a3c980&s=b,证券新闻
2026-05-08 09:32:26,000582,证券新闻,北部湾港大幅上涨 资金面与技术面共振推升股价,智选洞察,https://gu.qq.com/resources/shy/news/detail-v2/index.html#/index?id=nesSN2026050810055494c78651&s=b,证券新闻
2026-05-08 09:30:37,000582,证券新闻,北部湾港5月7日获融资净买入670万元 环比增加16.63%,市场透视,https://gu.qq.com/resources/shy/news/detail-v2/index.html#/index?id=nesSN2026050809492794c78031&s=b,证券新闻
2026-05-07 15:29:25,000582,证券新闻,北部湾港主力资金净流出2710.8万元 短期情绪转向谨慎待基本面验证,智选洞察,https://gu.qq.com/resources/shy/news/detail-v2/index.html#/index?id=nesSN20260507153405a6f78a75&s=b,证券新闻
2026-05-07 09:30:41,000582,证券新闻,北部湾港5月6日获融资净买入574万元 环比降低60.02%,市场透视,https://gu.qq.com/resources/shy/news/detail-v2/index.html#/index?id=nesSN20260507094650a49f9561&s=b,证券新闻
2026-05-06 16:03:21,000582,证券新闻,北部湾港主力资金净流入4960万 连续加仓驱动短期上行,智选洞察,https://gu.qq.com/resources/shy/news/detail-v2/index.html#/index?id=nesSN20260506161155a6f37543&s=b,证券新闻
2026-05-06 09:30:35,000582,证券新闻,北部湾港4月30日获融资净买入1437万元 环比增加143.76%,市场透视,https://gu.qq.com/resources/shy/news/detail-v2/index.html#/index?id=nesSN20260506094626a49b5d91&s=b,证券新闻
2026-05-06 09:15:00,000582,证券新闻,广西首个特钢新材料产业知识产权创新联合体落地北部湾港集团,百年建筑网,https://gu.qq.com/resources/shy/news/detail-v2/index.html#/index?id=nesSN20260506091508a6f1f8f2&s=b,证券新闻
2026-05-06 00:00:00,000582,证券新闻,交通运输行业周报：“五一”出行总量平稳增长 油运仍待通航,华源证券,https://gu.qq.com/resources/shy/news/detail-v2/index.html#/index?id=nesSN20260506115645a49bd9eb&s=b,证券新闻
2026-05-03 09:03:28,000582,证券新闻,北部湾港钦州港域这个泊位扩建工程又有新进展！,北部湾港集团,https://gu.qq.com/resources/shy/news/detail-v2/index.html#/index?id=nesSN2026050309263794c4aa9e&s=b,证券新闻
2026-05-02 00:00:00,000582,证券新闻,航运港口2026年4月专题：集装箱吞吐量稳增 原油吞吐量整体稳健,国海证券,https://gu.qq.com/resources/shy/news/detail-v2/index.html#/index?id=nesSN20260502192637a4915cbc&s=b,证券新闻
2026-04-30 15:21:51,000582,公告/事件,北部湾港主力资金净流入904.5万 行业景气与业绩改善支撑长期走势,智选洞察,https://gu.qq.com/resources/shy/news/detail-v2/index.html#/index?id=nesSN20260430152317a48a5658&s=b,公告/事件
2026-04-30 09:30:36,000582,证券新闻,北部湾港4月29日获融资净买入589万元 环比降低68.34%,市场透视,https://gu.qq.com/resources/shy/news/detail-v2/index.html#/index?id=nesSN20260430094904a4891296&s=b,证券新闻
2026-04-29 19:48:19,000582,公告/事件,北部湾港主力资金净流入1565.1万元 短期情绪提振叠加业绩支撑,智选洞察,https://gu.qq.com/resources/shy/news/detail-v2/index.html#/index?id=nesSN20260429195033a486bae2&s=b,公告/事件
2026-04-29 10:53:47,000582,证券新闻,北部湾港4月28日获融资净买入1861万元,市场透视,https://gu.qq.com/resources/shy/news/detail-v2/index.html#/index?id=nesSN20260429111423a484a380&s=b,证券新闻
2026-04-29 09:57:00,000582,证券新闻,北部湾港拟投30.95亿扩建钦州大榄坪港区,见道网,https://gu.qq.com/resources/shy/news/detail-v2/index.html#/index?id=nesSN20260429184020a486774d&s=b,证券新闻
2026-04-29 07:58:11,000582,证券新闻,北部湾港2026年一季报简析：营收净利润同比双双增长，盈利能力上升,证券之星,https://gu.qq.com/resources/shy/news/detail-v2/index.html#/index?id=nesSN20260429080128a6dae2c8&s=b,证券新闻
2026-04-28 15:48:08,000582,公告/事件,北部湾港主力资金净流入2671万 业绩超预期驱动估值修复,智选洞察,https://gu.qq.com/resources/shy/news/detail-v2/index.html#/index?id=nesSN20260428154812a6d867fa&s=b,公告/事件
2026-04-28 15:44:29,000582,证券新闻,北部湾港截止03月31日股东人数6.75万户，人均持股3.20万股,市场透视,https://gu.qq.com/resources/shy/news/detail-v2/index.html#/index?id=nesSN20260428154440a4819f05&s=b,证券新闻
2026-04-28 09:59:51,000582,证券新闻,北部湾港4月27日被融资净卖出4万元,市场透视,https://gu.qq.com/resources/shy/news/detail-v2/index.html#/index?id=nesSN20260428101522a4806ea5&s=b,证券新闻
2026-04-28 00:00:00,000582,证券新闻,北部湾港：Q1归母净利同比+17% 区位红利空间广阔,财通证券,https://gu.qq.com/resources/shy/news/detail-v2/index.html#/index?id=nesSN20260430100613a6dfec64&s=b,证券新闻
2026-04-27 16:44:07,000582,证券新闻,北部湾港主力资金净流入191.1万 短期情绪修复待量能验证,智选洞察,https://gu.qq.com/resources/shy/news/detail-v2/index.html#/index?id=nesSN20260427164409a47d610a&s=b,证券新闻
2026-04-27 00:00:00,000582,证券新闻,交通运输行业周报：通达系快递盈利改善 油运博弈持续,华源证券,https://gu.qq.com/resources/shy/news/detail-v2/index.html#/index?id=nesSN20260428084730a4800fe1&s=b,证券新闻
2026-04-25 07:00:00,000582,证券新闻,平陆运河预计9月通航 中国与东盟经贸启新章,21世纪经济报道,https://gu.qq.com/resources/shy/news/detail-v2/index.html#/index?id=nesSN20260425070459a6cc51fe&s=b,证券新闻
2026-04-24 21:20:09,000582,证券新闻,广西将实施水运江河海一体化调度,中国新闻网,https://gu.qq.com/resources/shy/news/detail-v2/index.html#/index?id=nesSN20260424212234a6cb00cf&s=b,证券新闻
2026-04-24 16:09:23,000582,证券新闻,北部湾港主力资金净流出1774.4万元 短期承压待吞吐量数据验证,智选洞察,https://gu.qq.com/resources/shy/news/detail-v2/index.html#/index?id=nesSN20260424160929a472f212&s=b,证券新闻
2026-04-24 09:47:02,000582,证券新闻,从口岸港口看中国—东盟贸易脉动,新华社,https://gu.qq.com/resources/shy/news/detail-v2/index.html#/index?id=nesSN20260424100912a471b157&s=b,证券新闻
2026-04-23 16:38:01,000582,证券新闻,北部湾港主力资金净流出746.5万 短期承压待政策与贸易数据验证,智选洞察,https://gu.qq.com/resources/shy/news/detail-v2/index.html#/index?id=nesSN20260423163928a46e9ce5&s=b,证券新闻
2026-04-23 16:30:23,000582,证券新闻,北部湾港：通过自动化装卸、智能集卡、远程操控等应用，持续优化生产组织、提升运营效率,证星董秘互动,https://gu.qq.com/resources/shy/news/detail-v2/index.html#/index?id=nesSN20260423163249a6c55c42&s=b,证券新闻
2026-04-23 15:21:01,000582,证券新闻,北部湾港：相关智慧化改造有效改善了码头作业连续性与安全性，降低了现场人工依赖与综合运营成本，整体生产效率与服务保障能力得到稳步提升,互动易,https://gu.qq.com/resources/shy/news/detail-v2/index.html#/index?id=nesSN2026042315411094bee8fb&s=b,证券新闻
2026-04-22 16:16:46,000582,证券新闻,北部湾港主力资金净流出2079万 战略合作落地前观望情绪主导,智选洞察,https://gu.qq.com/resources/shy/news/detail-v2/index.html#/index?id=nesSN20260422162256a46a1593&s=b,证券新闻
2026-04-22 13:29:03,000582,证券新闻,中信建投：霍尔木兹扰动未完，油运上行逻辑仍在推进,中信建投证券研究,https://gu.qq.com/resources/shy/news/detail-v2/index.html#/index?id=nesSN2026042208223394be05f4&s=b,证券新闻
2026-04-22 11:27:49,000582,证券新闻,北部湾港战略入股宁波远洋 两港联动聚合力 优势互补促共赢,中国水运报,https://gu.qq.com/resources/shy/news/detail-v2/index.html#/index?id=nesSN20260422113030a46923bc&s=b,证券新闻
2026-04-21 18:21:31,000582,证券新闻,北部湾港主力资金净流出1436.2万元 短期获利了结压制上行 短期调整中长期向好,智选洞察,https://gu.qq.com/resources/shy/news/detail-v2/index.html#/index?id=nesSN20260421182144a4663c1a&s=b,证券新闻
2026-04-21 12:31:34,000582,证券新闻,北部湾港集团与海南港航战略合作！,中国航务周刊,https://gu.qq.com/resources/shy/news/detail-v2/index.html#/index?id=nesSN2026042115095994bd8789&s=b,证券新闻
2026-04-20 16:19:15,000582,证券新闻,北部湾港主力资金净流入1698.3万元 短期震荡上行测试年内高点,智选洞察,https://gu.qq.com/resources/shy/news/detail-v2/index.html#/index?id=nesSN20260420162409a461a8fe&s=b,证券新闻
2026-04-18 00:00:00,000582,公告/事件,交通运输行业定期报告：油价预期反复关注航空 快递涨价业绩高增可期,中泰证券,https://gu.qq.com/resources/shy/news/detail-v2/index.html#/index?id=nesSN20260419080635a45d62b5&s=b,公告/事件
2026-04-17 17:11:08,000582,证券新闻,北部湾港主力资金净流入1194.4万元 短期情绪提振叠加防御配置逻辑,智选洞察,https://gu.qq.com/resources/shy/news/detail-v2/index.html#/index?id=nesSN20260417171115a45886a3&s=b,证券新闻
2026-04-17 08:45:00,000582,证券新闻,北部湾港集团与四川港投集团开展交流座谈,证券时报,https://gu.qq.com/resources/shy/news/detail-v2/index.html#/index?id=nesSN2026041800574594bbde46&s=b,证券新闻
2026-04-16 16:49:57,000582,证券新闻,北部湾港主力资金净流入1134.6万 短期情绪回暖支撑震荡上行,智选洞察,https://gu.qq.com/resources/shy/news/detail-v2/index.html#/index?id=nesSN20260416165002a6ab2710&s=b,证券新闻
2026-04-15 18:47:15,000582,公告/事件,北部湾港主力资金净流出761.7万元 短期止跌企稳待业绩验证,智选洞察,https://gu.qq.com/resources/shy/news/detail-v2/index.html#/index?id=nesSN20260415184724a6a73264&s=b,公告/事件
2026-04-14 16:21:39,000582,证券新闻,北部湾港主力资金净流出1177.2万元 短期避险分流压制上行动能,智选洞察,https://gu.qq.com/resources/shy/news/detail-v2/index.html#/index?id=nesSN20260414162410a44c20fe&s=b,证券新闻
2026-04-14 11:51:03,000582,证券新闻,北部湾港：公司围绕平陆运河即将通航，加快江海联运泊位及航道配套建设,互动易,https://gu.qq.com/resources/shy/news/detail-v2/index.html#/index?id=nesSN20260414121748a44b57db&s=b,证券新闻
2026-04-14 11:42:03,000582,证券新闻,北部湾港：堆场设计效率相较人工码头提升30%,互动易,https://gu.qq.com/resources/shy/news/detail-v2/index.html#/index?id=nesSN2026041413224394b982a5&s=b,证券新闻
2026-04-13 16:10:44,000582,证券新闻,北部湾港主力资金净流入204万 战略入股催化与地缘扰动引发多空博弈,智选洞察,https://gu.qq.com/resources/shy/news/detail-v2/index.html#/index?id=nesSN20260413161051a69e98f3&s=b,证券新闻
2026-04-13 12:23:28,000582,证券新闻,封锁令倒计时！多艘油轮紧急掉头避险，全球航运陷入“避险模式”,金十数据,https://gu.qq.com/resources/shy/news/detail-v2/index.html#/index?id=nesSN2026041312232894b8d04c&s=b,证券新闻
2026-04-10 17:52:17,000582,公告/事件,北部湾港主力资金净流出1853.4万元 短期获利了结压制上行 短期震荡整固待业绩验证,智选洞察,https://gu.qq.com/resources/shy/news/detail-v2/index.html#/index?id=nesSN20260410175227a43edc60&s=b,公告/事件
2026-04-10 02:26:36,000582,证券新闻,地缘冲突形势多变 航运航空业波动加剧,上海证券报,https://gu.qq.com/resources/shy/news/detail-v2/index.html#/index?id=nesSN20260410022641a43c26c9&s=b,证券新闻
2026-04-09 20:21:02,000582,证券新闻,广西北部湾港钦州港域第二批5个江海联运泊位改造工程通过竣工验收,中国港口,https://gu.qq.com/resources/shy/news/detail-v2/index.html#/index?id=nesSN20260410001619a72b4202&s=b,证券新闻
2026-04-09 16:27:12,000582,证券新闻,北部湾港主力资金净流入474万 短期震荡整固待经济复苏验证,智选洞察,https://gu.qq.com/resources/shy/news/detail-v2/index.html#/index?id=nesSN20260409162719a43a7325&s=b,证券新闻
2026-04-09 00:59:10,000582,证券新闻,美伊停火后分歧重重 霍尔木兹海峡油轮通行继续受阻,财联社,https://gu.qq.com/resources/shy/news/detail-v2/index.html#/index?id=nesSN20260409010155a7275d0f&s=b,证券新闻
2026-04-08 16:00:30,000582,证券新闻,北部湾港主力资金净流入3630.8万 短期情绪回暖提振股价表现,智选洞察,https://gu.qq.com/resources/shy/news/detail-v2/index.html#/index?id=nesSN20260408160034a4cec609&s=b,证券新闻
2026-04-08 09:53:45,000582,证券新闻,北部湾港大幅上涨 资金净流入叠加板块走强及市场情绪回暖,智选洞察,https://gu.qq.com/resources/shy/news/detail-v2/index.html#/index?id=nesSN20260408095351a4cd8560&s=b,证券新闻
2026-04-07 23:21:44,000582,证券新闻,伊朗外长：在伊方协调下，未来两周海峡可安全通行,https://www.odaily.news/zh-CN,https://gu.qq.com/resources/shy/news/detail-v2/index.html#/index?id=nesSN20260408072236a4cd0539&s=b,证券新闻
2026-04-07 18:13:45,000582,证券新闻,北部湾港主力资金净流出1317万 短期抛压收窄情绪趋稳,智选洞察,https://gu.qq.com/resources/shy/news/detail-v2/index.html#/index?id=nesSN20260407181355a4cb1e9c&s=b,证券新闻
2026-04-07 15:00:42,000582,证券新闻,北部湾港：平陆运河通航预计对公司经营产生积极影响,证星董秘互动,https://gu.qq.com/resources/shy/news/detail-v2/index.html#/index?id=nesSN20260407150130a4ca53d5&s=b,证券新闻
2026-04-07 10:34:17,000582,证券新闻,霍尔木兹海峡“受限”，全球航运还能撑多久？,中国航务周刊,https://gu.qq.com/resources/shy/news/detail-v2/index.html#/index?id=nesSN20260407103215a4c97663&s=b,证券新闻
2026-04-06 00:00:00,000582,证券新闻,航运港口行业：霍尔木兹海峡通船量仍极低 重视油运行业中长期趋势,中信建投证券,https://gu.qq.com/resources/shy/news/detail-v2/index.html#/index?id=nesSN20260406143139a4c69350&s=b,证券新闻
2026-04-04 00:00:00,000582,公告/事件,交通运输行业：民航燃油附加费上涨落地 高分红承诺强化公路配置价值,中泰证券,https://gu.qq.com/resources/shy/news/detail-v2/index.html#/index?id=nesSN20260405112552a71a3b1d&s=b,公告/事件
2026-04-03 21:48:18,000582,证券新闻,宁波远洋2026年拟向特定对象发行A股股票,宁波远洋,https://gu.qq.com/resources/shy/news/detail-v2/index.html#/index?id=nesSN20260404020253a4bf49d6&s=b,证券新闻
2026-04-03 19:49:12,000582,证券新闻,已涨11-12倍！全球航运成本飙升中枢或维持高位(附股),东方财富研究中心,https://gu.qq.com/resources/shy/news/detail-v2/index.html#/index?id=nesSN20260403201231a715183d&s=b,证券新闻
2026-04-03 17:43:52,000582,证券新闻,北部湾港主力资金净流出3456.6万 短期承压待定增落地验证,智选洞察,https://gu.qq.com/resources/shy/news/detail-v2/index.html#/index?id=nesSN20260403174356a4bdc10c&s=b,证券新闻
2026-04-03 10:33:17,000582,证券新闻,跨过东海与南海，宁波远洋引入北部湾港战投 欲募资近11亿元买船、买箱,每日经济新闻,https://gu.qq.com/resources/shy/news/detail-v2/index.html#/index?id=nesSN20260403103551a712db93&s=b,证券新闻
2026-04-03 00:18:50,000582,证券新闻,宁波远洋：引进战略投资者,每日经济新闻,https://gu.qq.com/resources/shy/news/detail-v2/index.html#/index?id=nesSN20260403002014a71136ad&s=b,证券新闻
2026-04-02 22:20:00,000582,证券新闻,宁波远洋：北部湾港股份有限公司持股比例拟升至5.00%,21世纪经济报道,https://gu.qq.com/resources/shy/news/detail-v2/index.html#/index?id=nesSN20260402222141a4ba15d5&s=b,证券新闻
2026-04-02 22:11:14,000582,证券新闻,宁波远洋：拟定增募资不超10.95亿元,格隆汇,https://gu.qq.com/resources/shy/news/detail-v2/index.html#/index?id=nesSN20260402221149a4ba0d88&s=b,证券新闻
2026-04-02 18:09:29,000582,证券新闻,北部湾港主力资金净流出2453.3万元 长期成长逻辑支撑估值修复,智选洞察,https://gu.qq.com/resources/shy/news/detail-v2/index.html#/index?id=nesSN20260402180933a70ff013&s=b,证券新闻
2026-04-02 13:14:19,000582,证券新闻,北部湾港营收稳增盈利短期承压，战略红利护航长期成长,财通证券,https://gu.qq.com/resources/shy/news/detail-v2/index.html#/index?id=nesSN20260402132835a4b7f4d3&s=b,证券新闻
2026-04-01 17:30:10,000582,公告/事件,北部湾港：公司2024年度业绩说明会采用网络远程文字交流的方式召开,证星董秘互动,https://gu.qq.com/resources/shy/news/detail-v2/index.html#/index?id=nesSN20260401173358a70aeb8d&s=b,公告/事件
2026-04-01 15:20:18,000582,证券新闻,北部湾港主力资金净流出5492.3万 短期调整未改长期趋势,智选洞察,https://gu.qq.com/resources/shy/news/detail-v2/index.html#/index?id=nesSN20260401152028a4b379a3&s=b,证券新闻
2026-03-31 16:35:08,000582,公告/事件,北部湾港主力资金净流出1325.3万元 短期承压待业绩与政策催化,智选洞察,https://gu.qq.com/resources/shy/news/detail-v2/index.html#/index?id=nesSN20260331163758a705ccbc&s=b,公告/事件
2026-03-31 15:29:34,000582,证券新闻,北部湾港截止02月28日股东人数6.61万户，人均持股3.26万股,市场透视,https://gu.qq.com/resources/shy/news/detail-v2/index.html#/index?id=nesSN20260331152942a4aeab59&s=b,证券新闻
2026-03-31 12:04:13,000582,证券新闻,北部湾港证券事务代表邓磊辞职,时代财经,https://gu.qq.com/resources/shy/news/detail-v2/index.html#/index?id=nesSN20260331120707a4adf489&s=b,证券新闻
2026-03-31 00:00:00,000582,证券新闻,北部湾港2025年年报点评：2025年扣非归母净利润+6% 静待货源增量释放,国海证券,https://gu.qq.com/resources/shy/news/detail-v2/index.html#/index?id=nesSN20260402081044a4b6b9c5&s=b,证券新闻
2026-03-30 21:41:03,000582,证券新闻,北部湾港：2025年完成货物吞吐量3.58亿吨，推进智慧绿色港口建设提升治理效能,公司公告,https://gu.qq.com/resources/shy/news/detail-v2/index.html#/index?id=nesSN20260330215122a4ab7208&s=b,证券新闻
2026-03-30 21:29:00,000582,证券新闻,北部湾港：2025年净利润10.38亿元，同比减少14.85%,南方财经网,https://gu.qq.com/resources/shy/news/detail-v2/index.html#/index?id=nesSN20260330213809a7023336&s=b,证券新闻
2026-03-30 21:26:07,000582,证券新闻,北部湾港：将于2026年4月27日召开2025年度股东会,公司公告,https://gu.qq.com/resources/shy/news/detail-v2/index.html#/index?id=nesSN20260330214331a7023886&s=b,证券新闻
2026-03-30 16:50:34,000582,证券新闻,北部湾港主力资金净流出1424.8万 短期避险撤离压制表现,智选洞察,https://gu.qq.com/resources/shy/news/detail-v2/index.html#/index?id=nesSN20260330165046a4aa37f1&s=b,证券新闻
2026-03-28 16:16:38,000582,证券新闻,北港扎实推动平陆运河开通运营｜北部湾港这个江海联运码头建设“进度条”重点刷新！,北部湾港集团,https://gu.qq.com/resources/shy/news/detail-v2/index.html#/index?id=nesSN20260328162237a4a33caf&s=b,证券新闻
2026-03-27 16:13:56,000582,证券新闻,北部湾港主力资金净流出1206.2万元 短期抛压缓解震荡整固待修复,智选洞察,https://gu.qq.com/resources/shy/news/detail-v2/index.html#/index?id=nesSN20260327161407a49f2954&s=b,证券新闻
2026-03-26 15:30:59,000582,证券新闻,北部湾港主力资金净流出2103.5万元 短期情绪转慎待景气验证,智选洞察,https://gu.qq.com/resources/shy/news/detail-v2/index.html#/index?id=nesSN20260326153107a49a03c3&s=b,证券新闻
2026-03-25 17:49:12,000582,证券新闻,北部湾港主力资金净流入1877.9万元 短期情绪回暖叠加政策催化结构性上行,智选洞察,https://gu.qq.com/resources/shy/news/detail-v2/index.html#/index?id=nesSN20260325174917a4960cd8&s=b,证券新闻
2026-03-24 20:50:58,000582,证券新闻,国家级绿色工厂+2！北部湾港集团绿色转型迈上新台阶,北部湾港集团,https://gu.qq.com/resources/shy/news/detail-v2/index.html#/index?id=nesSN20260324214516a4925659&s=b,证券新闻
2026-03-24 16:03:29,000582,证券新闻,北部湾港主力资金净流出2383.4万元 抛压缩窄叠加估值合理存修复预期,智选洞察,https://gu.qq.com/resources/shy/news/detail-v2/index.html#/index?id=nesSN20260324160334a6e7d21b&s=b,证券新闻
2026-03-24 03:00:53,000582,证券新闻,是应对阶段性供应冲突，还是长期结构性调整？中东危机下全球航运面临“大考”,环球网,https://gu.qq.com/resources/shy/news/detail-v2/index.html#/index?id=nesSN20260324062626971a32ff&s=b,证券新闻
2026-03-23 15:52:37,000582,证券新闻,北部湾港主力资金净流出6616万 短期承压震荡待经济复苏验证,智选洞察,https://gu.qq.com/resources/shy/news/detail-v2/index.html#/index?id=nesSN20260323155248a48c564d&s=b,证券新闻
2026-03-21 00:00:00,000582,证券新闻,交通运输行业定期报告：快递“反内卷”头部强化效应凸显 避险需求提升持续推荐高速,中泰证券,https://gu.qq.com/resources/shy/news/detail-v2/index.html#/index?id=nesSN20260322110624a487bf20&s=b,证券新闻
2026-03-20 16:47:56,000582,证券新闻,北部湾港主力资金净流出3816万 短期承压待政策与贸易数据验证,智选洞察,https://gu.qq.com/resources/shy/news/detail-v2/index.html#/index?id=nesSN20260320164804a6d82f8b&s=b,证券新闻
2026-03-19 17:22:07,000582,证券新闻,北部湾港主力资金净流出4673.1万 短期承压待情绪修复与技术反抽,智选洞察,https://gu.qq.com/resources/shy/news/detail-v2/index.html#/index?id=nesSN20260319172214a47cb170&s=b,证券新闻
2026-03-18 16:14:18,000582,证券新闻,北部湾港主力资金净流出6681.9万元 短期承压中长期震荡上行,智选洞察,https://gu.qq.com/resources/shy/news/detail-v2/index.html#/index?id=nesSN20260318161430a47795af&s=b,证券新闻
2026-03-17 16:02:20,000582,证券新闻,北部湾港主力资金净流出7325.2万元 短期震荡整固待政策与估值修复,智选洞察,https://gu.qq.com/resources/shy/news/detail-v2/index.html#/index?id=nesSN20260317160223a6c9c1e4&s=b,证券新闻
2026-03-16 16:05:29,000582,证券新闻,北部湾港主力资金净流出1086.8万元 抛压收窄情绪趋稳待外部催化,智选洞察,https://gu.qq.com/resources/shy/news/detail-v2/index.html#/index?id=nesSN20260316160539a6c5ef86&s=b,证券新闻
2026-03-16 14:09:12,000582,证券新闻,招商南油午后直线涨停，中东咽喉霍尔木兹海峡又有何异动？,券商中国,https://gu.qq.com/resources/shy/news/detail-v2/index.html#/index?id=nesSN20260316140655a46e9f44&s=b,证券新闻
2026-03-16 00:00:00,000582,证券新闻,航运港口行业专题报告：倘若地缘缓和 疤痕效应下如何看待油运需求？,财通证券,https://gu.qq.com/resources/shy/news/detail-v2/index.html#/index?id=nesSN20260318075644a6cc81f2&s=b,证券新闻
2026-03-15 00:00:00,000582,证券新闻,航运港口行业：油运行业的“库存棘轮效应”与跨期补库潮,中信建投证券股份有限公司,https://gu.qq.com/resources/shy/news/detail-v2/index.html#/index?id=nesSN20260315220445a46c273f&s=b,证券新闻
2026-03-13 16:59:55,000582,证券新闻,北部湾港主力资金净流出4915.8万 短期承压中长期震荡上行,智选洞察,https://gu.qq.com/resources/shy/news/detail-v2/index.html#/index?id=nesSN20260313170001a6bd30d0&s=b,证券新闻
2026-03-12 15:33:45,000582,证券新闻,北部湾港主力资金净流入473.5万 港口韧性叠加政策支持驱动温和上行,智选洞察,https://gu.qq.com/resources/shy/news/detail-v2/index.html#/index?id=nesSN20260312153359a6ba21d5&s=b,证券新闻
2026-03-12 13:12:15,000582,证券新闻,北部湾港3月11日获融资买入5299.22万元，融资余额6.00亿元,新浪财经,https://gu.qq.com/resources/shy/news/detail-v2/index.html#/index?id=nesSN2026031213162897aedc57&s=b,证券新闻
2026-03-11 16:10:00,000582,证券新闻,北部湾港主力资金净流入386.5万元 地缘避险与估值优势支撑震荡筑底,智选洞察,https://gu.qq.com/resources/shy/news/detail-v2/index.html#/index?id=nesSN20260311161014a460a2e3&s=b,证券新闻
2026-03-10 22:44:56,000582,证券新闻,国家发展改革委外资司与地中海航运公司、马士基集团进行工作会谈,财联社,https://gu.qq.com/resources/shy/news/detail-v2/index.html#/index?id=nesSN20260310224456a45ee4c5&s=b,证券新闻
2026-03-10 20:03:00,000582,证券新闻,东风柳汽与北部湾港集团签署战略合作协议,中国证券报,https://gu.qq.com/resources/shy/news/detail-v2/index.html#/index?id=nesSN2026031020564795470071&s=b,证券新闻
2026-03-10 19:47:02,000582,证券新闻,北部湾港又一泊位工程取得国家级岸线批复,广西北部湾国际港务集团有限公司,https://gu.qq.com/resources/shy/news/detail-v2/index.html#/index?id=nesSN20260310195208a6b5677c&s=b,证券新闻
2026-03-10 15:38:10,000582,证券新闻,北部湾港主力资金净流入8225.1万元 短期避险驱动与长期景气共振,智选洞察,https://gu.qq.com/resources/shy/news/detail-v2/index.html#/index?id=nesSN20260310153814a6b4a629&s=b,证券新闻
2026-03-10 10:43:10,000582,证券新闻,北部湾港大幅上涨 受航运港口板块走强及中东地缘事件催化,智选洞察,https://gu.qq.com/resources/shy/news/detail-v2/index.html#/index?id=nesSN20260310104311a45d1bb8&s=b,证券新闻
2026-03-10 10:15:16,000582,证券新闻,航运港口板块低开高走！交通运输ETF上涨1.16%，招商轮船涨停,每日经济新闻,https://gu.qq.com/resources/shy/news/detail-v2/index.html#/index?id=nesSN2026031010163697ab7e6e&s=b,证券新闻
2026-03-09 11:02:07,000582,证券新闻,交通运输部部长刘伟：“十五五”时期重点深入实施“人工智能+”行动,新华社,https://gu.qq.com/resources/shy/news/detail-v2/index.html#/index?id=nesSN20260309110208a459f9c6&s=b,证券新闻
2026-03-07 15:17:58,000582,证券新闻,北部湾港集团成功发行广西区域首单“一带一路”并购中期票据 创集团债券发行利率历史新低,广西北部湾国际港务集团有限公司,https://gu.qq.com/resources/shy/news/detail-v2/index.html#/index?id=nesSN20260307152048a455d489&s=b,证券新闻
2026-03-07 13:26:26,000582,证券新闻,运价飙升成定局，多家海运巨头宣布涨价,21世纪经济报道,https://gu.qq.com/resources/shy/news/detail-v2/index.html#/index?id=nesSN20260302220215a44275fa&s=b,证券新闻
2026-03-06 16:45:08,000582,证券新闻,北部湾港主力资金净流出2696万 震荡上行格局待数据验证,智选洞察,https://gu.qq.com/resources/shy/news/detail-v2/index.html#/index?id=nesSN20260306164511a4536897&s=b,证券新闻
2026-03-05 15:00:41,000582,证券新闻,北部湾港：公司目前主要经营业务包含货物装卸、港口仓储、港口拖轮、外轮理货、无船承运等,证星董秘互动,https://gu.qq.com/resources/shy/news/detail-v2/index.html#/index?id=nesSN20260305150153a6a57849&s=b,证券新闻
2026-03-05 11:48:00,000582,证券新闻,北部湾港：公司营收与利润的季度波动，是货量货种、成本支出周期性变化与外部因素叠加的结果,互动易,https://gu.qq.com/resources/shy/news/detail-v2/index.html#/index?id=nesSN20260305121954a6a4ed7d&s=b,证券新闻
2026-03-05 06:10:50,000582,证券新闻,“堵船”！运费飙升！霍尔木兹海峡附近，目前什么情况？,央视财经,https://gu.qq.com/resources/shy/news/detail-v2/index.html#/index?id=nesSN2026030506331697a8122a&s=b,证券新闻
2026-03-04 15:55:16,000582,证券新闻,产港融合筑新局 中国汽车“乘东风”加速出海,商业观察,https://gu.qq.com/resources/shy/news/detail-v2/index.html#/index?id=nesSN20260304160833a44a4f3c&s=b,证券新闻
2026-03-03 18:43:10,000582,证券新闻,欧洲天然气价格涨幅进一步扩大至40%，报62.5欧元/兆瓦时,腾讯自选股,https://gu.qq.com/resources/shy/news/detail-v2/index.html#/index?id=nesSN20260303183923a69d347f&s=b,证券新闻
2026-03-03 16:33:59,000582,证券新闻,北部湾港主力资金净流出5575万 短期获利了结抑制上行 短期震荡整固待地缘局势明朗,智选洞察,https://gu.qq.com/resources/shy/news/detail-v2/index.html#/index?id=nesSN20260303163803a69cb127&s=b,证券新闻
2026-03-02 19:30:53,000582,证券新闻,新能源重卡渗透率持续攀升，东风柳汽乘势加码,第一财经,https://gu.qq.com/resources/shy/news/detail-v2/index.html#/index?id=nesSN20260302193254a698dfa5&s=b,证券新闻
2026-03-02 19:25:46,000582,证券新闻,航运板块爆发，资金抢筹股出炉(名单),证券时报,https://gu.qq.com/resources/shy/news/detail-v2/index.html#/index?id=nesSN20260302192114a698d610&s=b,证券新闻
2026-03-02 13:03:55,000582,证券新闻,霍尔木兹海峡禁航！引爆航运概念股，一图速览低估值潜力标的,腾讯自选股综合,https://gu.qq.com/resources/shy/news/detail-v2/index.html#/index?id=nesSN20260302094926a43fd603&s=b,证券新闻
2026-03-02 07:53:55,000582,证券新闻,航运 霍尔木兹海峡禁航 运价或进一步上涨,上海证券报,https://gu.qq.com/resources/shy/news/detail-v2/index.html#/index?id=nesSN20260302075356a43f725e&s=b,证券新闻
2026-03-02 00:00:00,000582,证券新闻,交通运输行业周报：中东冲突或引爆油运市场 快递开年“反内卷”持续,华源证券,https://gu.qq.com/resources/shy/news/detail-v2/index.html#/index?id=nesSN20260302184140a441d503&s=b,证券新闻
2026-03-01 00:00:00,000582,证券新闻,航运港口：看好霍尔木兹海峡运输受限下的油轮运输市场,中信建投证券,https://gu.qq.com/resources/shy/news/detail-v2/index.html#/index?id=nesSN20260301160610a72cf663&s=b,证券新闻
2026-02-28 19:33:01,000582,证券新闻,北部湾港：公司对东岸码头的持股比例由45%增加至65.02%,互动易,https://gu.qq.com/resources/shy/news/detail-v2/index.html#/index?id=nesSN20260228193835a43af959&s=b,证券新闻
2026-02-28 15:21:49,000582,证券新闻,单船装载147支，北部湾港钦州码头风电叶片装载量刷新国内纪录,界面新闻,https://gu.qq.com/resources/shy/news/detail-v2/index.html#/index?id=nesSN20260228152623a729b485&s=b,证券新闻
2026-02-27 10:25:22,000582,证券新闻,北部湾港大幅上涨 资金流入叠加板块共振推升股价,智选洞察,https://gu.qq.com/resources/shy/news/detail-v2/index.html#/index?id=nesSN20260227102527a4cdc34c&s=b,证券新闻
2026-02-27 10:01:46,000582,证券新闻,北海港2026年业务增长显著，自动化码头投用添动能,壹览商业,https://gu.qq.com/resources/shy/news/detail-v2/index.html#/index?id=nesSN20260227100301a4cdaca2&s=b,证券新闻
2026-02-26 20:05:32,000582,证券新闻,首单港口公募REITs申报 34只REITs产品“排队”上市,经济参考网,https://gu.qq.com/resources/shy/news/detail-v2/index.html#/index?id=nesSN20260226201944a7226f31&s=b,证券新闻
2026-02-26 17:14:43,000582,证券新闻,北部湾港主力资金净流出1011.1万 震荡上行格局待政策落地验证,智选洞察,https://gu.qq.com/resources/shy/news/detail-v2/index.html#/index?id=nesSN20260226171458a4cae132&s=b,证券新闻
2026-02-25 22:14:04,000582,证券新闻,新突破！首单港口行业REITs来了！,读懂ABS,https://gu.qq.com/resources/shy/news/detail-v2/index.html#/index?id=nesSN20260225223429a71e8e89&s=b,证券新闻
2026-02-25 19:24:12,000582,证券新闻,天津临港港口REITs申报至证监会,REITs新视线,https://gu.qq.com/resources/shy/news/detail-v2/index.html#/index?id=nesSN20260225192918a71dfea3&s=b,证券新闻
2026-02-25 15:38:40,000582,证券新闻,北部湾港主力资金净流出160.6万元 短期获利了结压制情绪 待估值修复突破压力位,智选洞察,https://gu.qq.com/resources/shy/news/detail-v2/index.html#/index?id=nesSN20260225153851a4c637f3&s=b,证券新闻
2026-02-25 11:43:37,000582,证券新闻,油运成本飙升，海运股再度大涨，相关板块是否还有空间？,证券时报网,https://gu.qq.com/resources/shy/news/detail-v2/index.html#/index?id=nesSN20260225113517a4c56f31&s=b,证券新闻
2026-02-25 07:27:05,000582,证券新闻,多重因素共振 全球油轮运费飙升至近六年新高,财联社,https://gu.qq.com/resources/shy/news/detail-v2/index.html#/index?id=nesSN20260225030921a71ae574&s=b,证券新闻
2026-02-24 15:22:38,000582,证券新闻,北部湾港主力资金净流入5787.9万 板块共振叠加政策催化短期上行,智选洞察,https://gu.qq.com/resources/shy/news/detail-v2/index.html#/index?id=nesSN20260224152254a718ce5b&s=b,证券新闻
2026-02-24 09:36:38,000582,证券新闻,中信建投：油运行业景气向好 航线租金上行,中信建投证券,https://gu.qq.com/resources/shy/news/detail-v2/index.html#/index?id=nesSN20260224083730a4c08520&s=b,证券新闻
2026-02-23 00:00:00,000582,证券新闻,航运港口行业事件点评报告：VLCC史上最强开年表现 运价强现实+地缘强预期+运力新格局下持续看好油运周期,方正证券,https://gu.qq.com/resources/shy/news/detail-v2/index.html#/index?id=nesSN20260224081139a717570f&s=b,证券新闻

