报告期,首次公告日期,修订日期,营业收入,净利润,扣非净利润,ROE,毛利率,资产负债率,经营现金流,数据来源
2026-06-30,2026-08-18,2026-08-18,3585508858.34,557882719.81,455581452.12,2.77,31.5636269864,43.5213899327,0.514730575225,Tencent/Eastmoney
2026-03-31,2026-04-28,2026-04-28,1725821441.95,229334824.75,204291598.45,1.16,30.4857076399,43.3316349397,0.299222482024,Tencent/Eastmoney
2025-12-31,2026-03-31,2026-03-31,7613959063.58,1038024485.4,927153527.79,5.64,30.2646553001,45.9523340113,1.292644390859,Tencent/Eastmoney
2025-09-30,2025-10-28,2025-10-28,5535299448.28,788714267.39,725194970.39,4.32,31.310271916,43.753537252,0.940134155534,Tencent/Eastmoney
2025-06-30,2025-08-23,2026-08-18,3555785138.62,530883264.32,471911400.43,2.95,31.5761532064,43.4748502592,0.610439497524,Tencent/Eastmoney
2025-03-31,2025-04-29,2026-04-28,1643217036.75,196123506.2,182926017.14,1.11,29.7368979917,44.5308361131,0.4352211012,Tencent/Eastmoney
2024-12-31,2025-04-25,2026-03-31,7003254738.88,1219079731.96,874479453.12,7.48,32.0662998292,44.5956003118,0.917949980346,Tencent/Eastmoney
2024-09-30,2024-10-25,2025-10-28,4902091246.8,915943906.8,591388481.87,5.78,31.0909474389,44.2493549363,0.672220656963,Tencent/Eastmoney
2024-06-30,2024-08-24,2025-08-23,3189028451.3,629723707.01,366586140.09,4.17,31.3255731623,44.8837588298,0.450145971473,Tencent/Eastmoney
2024-03-31,2024-04-30,2025-04-29,1539600287.15,391215871.17,176151863.65,2.83,31.7992078097,51.6650678667,0.215017874817,Tencent/Eastmoney
2023-12-31,2024-04-30,2025-04-25,6949606334.66,1126863205.74,1035833178.19,8.04,33.8033872672,52.5384914109,1.216294210232,Tencent/Eastmoney
2023-09-30,2023-10-27,2024-10-25,4895682728.6,847627784.77,732082054.08,6.36,34.5209581807,50.966995083,0.882339341179,Tencent/Eastmoney
2023-06-30,2023-08-29,2024-08-24,3176078831.91,604976461.74,500098214.55,4.58,35.8070749549,50.3013542433,0.512611499763,Tencent/Eastmoney
2023-03-31,2023-04-27,2024-04-30,1513986707.96,237911659.15,233861656.92,1.83,35.1698492094,49.101255902,0.096074646402,Tencent/Eastmoney
2022-12-31,2023-04-13,2024-04-30,6378855303.83,1020027701.71,911207903.56,7.86,34.1698240841,48.0479442316,1.465877280934,Tencent/Eastmoney
2022-09-30,2022-10-27,2023-10-27,4554324144.47,775870114.62,696675123.92,6.39,34.3009574265,49.1012480822,0.978882720488,Tencent/Eastmoney
2022-06-30,2022-08-20,2023-08-29,3017053757.86,553882164.75,494529942.47,4.75,35.6807915903,48.8091920207,0.72613780412,Tencent/Eastmoney
2022-03-31,2022-04-27,2023-04-27,1391507551.12,233748604.39,229437634.51,2.04,35.4415020539,51.9219319027,0.217927706045,Tencent/Eastmoney
2021-12-31,2022-04-12,2023-04-13,5907876058.42,1020414819.44,981752790.29,8.85,35.8166972393,51.0806952589,0.892218488021,Tencent/Eastmoney
2021-09-30,2021-10-28,2022-10-27,4130429395.1,744505201.97,714334704.36,6.52,35.9700092686,48.9095595413,0.522477473779,Tencent/Eastmoney
2021-06-30,2021-08-24,2022-08-20,2692434085.59,513497224.08,491685959.12,4.84,37.2196863969,39.428008728,0.211866574047,Tencent/Eastmoney
2021-03-31,2021-04-27,2022-04-27,1248927326.54,231738368.11,224323255.47,2.21,36.6503347715,37.9859884197,0.044240605396,Tencent/Eastmoney
2020-12-31,2021-04-13,2022-04-12,5362563703.1,1075507271.13,1061163955.66,10.2,38.3899617938,40.2940711192,1.427182250012,Tencent/Eastmoney
2020-09-30,2020-10-28,2021-10-28,3815538100.16,836727809.68,817190499.78,8.0,40.364854354,41.4726273426,0.658185504338,Tencent/Eastmoney
2020-06-30,2020-08-20,2021-08-24,2423635259.8,523503710.31,512192523.12,5.4,41.2537528643,41.036440315,0.477768224357,Tencent/Eastmoney
2020-03-31,2020-04-28,2021-04-27,1127946741.7,249281238.4,241033351.88,2.6,41.2559074889,39.2952135341,0.07690810145,Tencent/Eastmoney
2019-12-31,2020-04-18,2021-04-13,4792337278.33,984227007.06,968993663.97,10.33,38.8599863474,40.9544923219,0.949736685977,Tencent/Eastmoney
2019-09-30,2019-10-26,2020-10-28,3360697325.46,721304880.79,708859093.39,7.66,38.8022592362,35.9599950322,0.743716210753,Tencent/Eastmoney
2019-06-30,2019-08-24,2020-08-20,2216476491.07,473661575.22,468621104.31,5.04,39.6494564648,36.7434051867,0.436279440271,Tencent/Eastmoney
2019-03-31,2019-04-30,2020-04-28,1044684933.57,219255333.8,217522701.81,2.35,40.0553816154,37.7818585,0.057349568274,Tencent/Eastmoney
2018-12-31,2019-04-24,2020-04-18,4223369693.98,637676805.95,661479741.52,8.01,36.6916220015,39.2408969832,1.121248773274,Tencent/Eastmoney
2018-09-30,2018-10-27,2019-10-26,3012898817.36,502280085.71,490544650.79,6.88,38.1728571429,45.2200874685,0.83480813837,Tencent/Eastmoney
2018-06-30,2018-08-15,2019-08-24,1915374131.17,332728679.12,331695906.55,4.59,38.5655179993,45.3838354946,0.417608598682,Tencent/Eastmoney
2018-03-31,2018-04-27,2019-04-30,893188659.66,148858220.33,147696112.87,2.06,38.1568432295,45.3953320286,0.140393493167,Tencent/Eastmoney
2017-12-31,2018-03-13,2019-04-24,3711237197.86,595079122.98,549254689.61,8.22,36.4309358663,46.4626674345,1.143502566482,Tencent/Eastmoney
2017-09-30,2017-10-27,2018-10-27,2574933161.38,492342987.86,438477308.62,6.75,38.044170612,41.1954105033,0.826280324498,Tencent/Eastmoney
2017-06-30,2017-08-12,2018-08-15,1658767719.72,328584654.45,329834452.4,4.78,39.2773814202,38.1858084729,0.453295391731,Tencent/Eastmoney
2017-03-31,2017-04-28,2018-04-27,766566684.34,113771078.33,115272103.33,1.67,34.7796258638,38.8817810378,0.185303458811,Tencent/Eastmoney
2016-12-31,2017-03-31,2018-03-13,2994541519.96,451738432.3,450895074.16,7.37,34.346559039,39.7494657217,1.154952444585,Tencent/Eastmoney
2016-09-30,2016-10-28,2017-10-27,2145819183.19,389443614.91,386062329.2,6.36,36.5427551041,40.5567509911,0.933027283011,Tencent/Eastmoney
2016-06-30,2016-08-20,2017-08-12,1371279276.3,264474819.81,262759267.55,4.36,38.9342596521,41.4038766684,0.632391384283,Tencent/Eastmoney
2016-03-31,2016-04-28,2017-04-28,643356976.25,93885091.25,93728698.02,1.56,34.5687778372,42.5635608653,0.205797644006,Tencent/Eastmoney
2015-12-31,2016-03-31,2017-03-31,3054729968.82,394315793.75,377421706.31,7.28,31.1198321512,43.7002558364,0.495955556491,Tencent/Eastmoney
2015-09-30,2015-10-29,2016-10-28,2294700507.99,352405147.83,349517522.28,6.67,34.5416968772,49.8389866933,0.484946056181,Tencent/Eastmoney
2015-06-30,2015-08-19,2016-08-20,1534816527.61,245997749.81,243371725.48,5.64,35.8328008375,50.333276964,0.326551887325,Tencent/Eastmoney
2015-03-31,2015-04-29,2016-04-28,721520306.65,104670359.12,103129971.68,2.99,31.4996375258,57.0529518344,0.201159657036,Tencent/Eastmoney
2014-12-31,2015-04-04,2016-03-31,4286355170.78,599992892.64,587523498.49,17.41,27.1348059458,58.3005463947,1.409197979325,Tencent/Eastmoney
2014-09-30,2014-10-29,2015-10-29,3172477501.02,496741941.34,499073074.29,14.25,27.973043444,59.6078432783,0.960542949108,Tencent/Eastmoney
2014-06-30,2014-08-14,2015-08-19,1965152494.8,303715751.42,299461642.73,7.82,28.3844436203,62.2066795525,0.521576936426,Tencent/Eastmoney
2014-03-31,2014-04-29,2015-04-29,998779629.86,129062446.0,127908479.34,3.4,23.9832233396,54.6867984687,0.185311122042,Tencent/Eastmoney
2013-12-31,2014-04-25,2015-04-04,3721542715.31,580458362.27,70662173.49,16.86,30.3293247716,54.9907648573,1.097075981371,Tencent/Eastmoney
2013-09-30,2013-10-26,2014-10-29,2813637542.14,506411966.1,31920715.41,7.42,34.0196200031,66.3507789867,4.082063783954,Tencent/Eastmoney
2013-06-30,2013-08-17,2014-08-14,1772609770.18,269253890.8,265343871.86,8.19,31.2386127226,70.638502864,3.296691123296,Tencent/Eastmoney
2013-03-31,2013-04-26,2014-04-29,982643099.59,130011595.68,128015160.32,4.04,26.0923263143,74.737411771,0.537071507954,Tencent/Eastmoney
2012-12-31,2013-03-07,2014-04-25,4207735770.66,549681718.0,40378379.06,19.15,25.9957459655,61.5834379769,8.981381320547,Tencent/Eastmoney
2012-09-30,2012-10-27,2013-10-26,1748021573.05,31757506.28,30604917.16,8.16,6.5039341277,69.0678605621,0.289,Tencent/Eastmoney
2012-06-30,2012-08-25,2013-08-17,848008440.92,18796366.3,17598778.21,4.91,8.83122257,65.6039901941,0.355862561952,Tencent/Eastmoney
2012-03-31,2012-04-26,2013-04-26,476631977.8,9840974.28,9836135.28,2.6,9.3609788428,66.4560458531,0.047101930207,Tencent/Eastmoney
2011-12-31,2012-04-12,2013-03-07,1019471444.79,39250559.73,37620335.04,11.1,11.8523747975,59.9657740874,0.876685826602,Tencent/Eastmoney
2011-09-30,2011-10-27,2012-10-27,348978440.54,32729059.32,30113719.14,9.35,25.8957149244,58.379034775,0.55,Tencent/Eastmoney
2011-06-30,2011-08-18,2012-08-25,186096566.01,23606741.35,20998666.97,6.83,33.002604431,57.8502119911,0.34,Tencent/Eastmoney
2011-03-31,2011-04-27,2012-04-26,89106867.83,8454699.07,8724559.16,2.5,27.3216196494,55.707299172,0.075,Tencent/Eastmoney
2010-12-31,2011-04-09,2012-04-12,405012104.94,39892865.25,37652310.56,12.71,25.3287481136,58.9494092184,0.77190690617,Tencent/Eastmoney
2010-09-30,2010-10-25,2011-10-27,269178630.77,30328064.12,29655930.8,10.05,29.0610281159,59.4993472685,0.36,Tencent/Eastmoney
2010-06-30,2010-08-14,2011-08-18,175182445.39,21386642.28,20221577.36,7.19,29.7050731848,58.4475259433,0.2,Tencent/Eastmoney
2010-03-31,2010-04-24,2011-04-27,81465897.44,8021330.86,7941751.8,2.69,27.7102280947,59.2970402582,0.041,Tencent/Eastmoney
2009-12-31,2011-04-09,2011-04-09,215960956.12,44606768.22,19568100.0,16.42,30.6997866379,57.3488620558,0.461,Tencent/Eastmoney
2009-09-30,2010-10-25,2010-10-25,158287499.24,37543727.55,16507474.54,,33.4099840947,58.8156973042,0.228,Tencent/Eastmoney
2009-06-30,2010-08-14,2010-08-14,100016216.16,31579699.65,10911339.32,12.25,35.4968486542,58.0477638568,0.1,Tencent/Eastmoney
2009-03-31,2010-04-24,2010-04-24,50055253.07,5342172.8,5232947.8,2.14,34.9813345175,60.1681994012,0.002,Tencent/Eastmoney
2008-12-31,2010-04-10,2010-04-10,197777483.7,18426527.55,11709100.0,7.67,32.0571539307,61.7687145861,0.309,Tencent/Eastmoney
2008-09-30,2009-10-24,2009-10-24,147015779.11,12232569.05,12318518.22,,35.0998775318,62.5362797633,0.24,Tencent/Eastmoney
2008-06-30,2009-08-08,2009-08-08,89822087.27,4257599.41,4339773.72,1.89,33.0647950328,65.4290690428,0.15,Tencent/Eastmoney
2008-03-31,2009-04-25,2009-04-25,40088183.34,966964.18,923161.39,,29.0017486983,64.0872895644,0.06,Tencent/Eastmoney
2007-12-31,2009-04-21,2009-04-21,184079643.36,1750223.95,-36743700.0,0.62,19.8011109999,64.4684504868,0.32,Tencent/Eastmoney
2007-09-30,2008-10-24,2008-10-24,135321342.02,-5948577.05,-12010002.29,,22.8747679249,69.0752545168,0.147,Tencent/Eastmoney
2007-06-30,2008-08-15,2008-08-15,64362085.1,-11087171.35,-17267261.88,-3.11,23.5718925302,71.4571285699,0.025,Tencent/Eastmoney
2007-03-31,2008-04-21,2008-04-21,30249934.39,-6347338.81,-6314645.31,,18.435344613,59.5983370232,-0.0025,Tencent/Eastmoney
2006-12-31,2008-04-16,2008-04-16,141989781.23,-74337255.57,-73501002.92,-18.69,-2.0408641276,58.7264213102,-0.16,Tencent/Eastmoney
2006-09-30,2007-10-24,2007-10-24,102703412.47,-882563.62,-926513.86,,18.3552889009,47.6848993638,0.022659148902,Tencent/Eastmoney
2006-06-30,2007-08-29,2007-08-29,53212792.87,-2477844.67,-2444015.01,-0.57,18.4721696041,49.6807174089,0.035,Tencent/Eastmoney
2006-03-31,2007-04-30,2007-04-30,20505833.11,578420.52,561446.56,,30.3538295012,48.4058136961,-0.022828628421,Tencent/Eastmoney
2005-12-31,2007-04-27,2007-04-27,94822449.49,4298103.07,4766279.38,0.99,28.447505749,40.8593453463,0.36,Tencent/Eastmoney
2005-09-30,2006-10-27,2006-10-27,81358599.79,6339140.11,6047395.98,,30.0509416129,43.3412785883,0.376841979914,Tencent/Eastmoney
2005-06-30,2006-08-25,2006-08-25,58800230.99,11788437.03,11862297.38,2.7,38.0642946859,41.343103271,0.400186871139,Tencent/Eastmoney
2005-03-31,2006-04-20,2006-04-20,29602549.1,4078747.85,3995855.33,,39.7142278197,40.1353049667,0.15894591472,Tencent/Eastmoney
2004-12-31,2006-03-31,2006-03-31,103500593.92,-44949050.43,-39408551.7,-9.88,7.4417282049,39.7570999167,-0.02,Tencent/Eastmoney
2004-09-30,2005-10-25,2005-10-25,91047835.33,-18449612.33,-18219742.67,,9.5643681571,40.9574310816,0.069731241385,Tencent/Eastmoney
2004-06-30,2005-07-30,2005-07-30,50864253.86,-9079652.5,-9180568.22,-1.92,10.9348518811,42.4215698015,0.047452923939,Tencent/Eastmoney
2004-03-31,2005-04-27,2005-04-27,19663867.98,-8184470.01,-8241422.74,,-5.48825191,41.4180592705,-0.010823389016,Tencent/Eastmoney
2003-12-31,2005-04-21,2005-04-21,137309098.02,7783079.56,-10499373.56,1.64,14.6942271859,42.2251224514,0.282,Tencent/Eastmoney
2003-09-30,2004-10-22,2004-10-22,72759887.66,-9817331.04,-11417331.04,,13.9715530864,44.9558440331,-0.008121691362,Tencent/Eastmoney
2003-06-30,2004-08-12,2004-08-12,49636714.21,-6999232.16,-6999232.16,,15.5606661177,44.7296579065,0.031581576342,Tencent/Eastmoney
2003-03-31,2004-04-29,2004-04-29,23903169.01,-2376606.29,,,20.9985543252,43.8239351066,-0.025550014591,Tencent/Eastmoney
2002-12-31,2004-04-22,2004-04-22,77290813.76,-41413469.98,-39906306.78,-8.45,4.9753306285,44.2652366338,0.058,Tencent/Eastmoney
2002-09-30,2003-10-25,2003-10-25,58027901.98,-12699863.17,-13079000.0,,8.9714383639,42.3925120314,0.0,Tencent/Eastmoney
2002-06-30,2003-08-22,2003-08-22,40203591.24,-7809336.96,-9646201.73,,9.0164104206,42.952420744,0.0263,Tencent/Eastmoney
2002-03-31,2002-04-25,2002-04-25,15121500.0,-5782700.0,,,,44.6229673753,0.0,Tencent/Eastmoney
2001-12-31,2003-04-12,2003-04-12,105580090.49,2501430.81,-4477990.24,0.49,21.5110968504,42.1732564274,0.176,Tencent/Eastmoney
2001-06-30,2002-08-21,2002-08-21,38830217.1,9630862.27,5030862.27,1.878,38.9414020299,40.5164274109,-0.026,Tencent/Eastmoney
2000-12-31,2002-04-18,2002-04-18,102338067.3,15456581.51,11259203.08,2.91,34.6205509101,46.7632786326,0.035,Tencent/Eastmoney
2000-06-30,2001-08-23,2001-08-23,29062049.3,1996795.43,1791200.0,,22.5320917063,38.8886892262,-0.0817544383,Tencent/Eastmoney
1999-12-31,2001-04-17,2001-04-17,63465043.12,33684766.06,33828756.63,8.44,52.5601898937,40.375540272,0.15,Tencent/Eastmoney
1999-06-30,2000-08-02,2000-08-02,23981491.56,5024965.61,,,30.6525224322,56.840221,0.0,Tencent/Eastmoney
1998-12-31,2000-04-21,2000-04-21,69666155.41,30607097.76,,11.86,51.034526135,56.9253415005,0.23,Tencent/Eastmoney
1998-06-30,1998-07-29,1998-07-29,19031654.44,872599.33,,,24.6661808347,58.1751159741,0.02,Tencent/Eastmoney
1997-12-31,1998-03-18,1998-03-18,67082967.16,26223830.62,,,42.5592938397,56.2001319411,0.0,Tencent/Eastmoney
1997-06-30,1997-08-12,1997-08-12,35176457.78,12333879.66,,,,57.1942879057,0.0,Tencent/Eastmoney
1996-12-31,1997-04-10,1997-04-10,45549154.11,23918771.32,,,39.9226101677,59.5361202458,0.0,Tencent/Eastmoney
1996-06-30,1996-08-22,1996-08-22,26790633.84,3633536.32,,,,57.2087257979,0.0,Tencent/Eastmoney
1995-12-31,1996-04-01,1996-04-01,49341164.08,21410076.96,,,31.6267476679,59.0149010585,0.0,Tencent/Eastmoney
1995-06-30,1995-10-08,1995-10-08,23576199.3,9035529.96,,,31.9624835798,51.5395569457,0.0,Tencent/Eastmoney
1994-12-31,1995-10-08,1995-10-08,47315915.05,11616600.44,,,39.9807879231,52.9394896485,0.0,Tencent/Eastmoney

