日期,标的代码,标的名称,收盘价,涨跌幅
2022-12-01,sz159662,交运ETF南方,1.013,
2022-12-02,sz159662,交运ETF南方,1.007,-0.5923
2022-12-05,sz159662,交运ETF南方,1.038,3.0785
2022-12-06,sz159662,交运ETF南方,1.048,0.9634
2022-12-07,sz159662,交运ETF南方,1.06,1.145
2022-12-08,sz159662,交运ETF南方,1.057,-0.283
2022-12-09,sz159662,交运ETF南方,1.046,-1.0407
2022-12-12,sz159662,交运ETF南方,1.045,-0.0956
2022-12-13,sz159662,交运ETF南方,1.055,0.9569
2022-12-14,sz159662,交运ETF南方,1.064,0.8531
2022-12-15,sz159662,交运ETF南方,1.05,-1.3158
2022-12-16,sz159662,交运ETF南方,1.054,0.381
2022-12-19,sz159662,交运ETF南方,1.035,-1.8027
2022-12-20,sz159662,交运ETF南方,1.019,-1.5459
2022-12-21,sz159662,交运ETF南方,1.025,0.5888
2022-12-22,sz159662,交运ETF南方,1.023,-0.1951
2022-12-23,sz159662,交运ETF南方,1.019,-0.391
2022-12-26,sz159662,交运ETF南方,1.021,0.1963
2022-12-27,sz159662,交运ETF南方,1.035,1.3712
2022-12-28,sz159662,交运ETF南方,1.019,-1.5459
2022-12-29,sz159662,交运ETF南方,1.007,-1.1776
2022-12-30,sz159662,交运ETF南方,1.02,1.291
2023-01-03,sz159662,交运ETF南方,1.016,-0.3922
2023-01-04,sz159662,交运ETF南方,1.017,0.0984
2023-01-05,sz159662,交运ETF南方,1.028,1.0816
2023-01-06,sz159662,交运ETF南方,1.018,-0.9728
2023-01-09,sz159662,交运ETF南方,1.029,1.0806
2023-01-10,sz159662,交运ETF南方,1.02,-0.8746
2023-01-11,sz159662,交运ETF南方,1.014,-0.5882
2023-01-12,sz159662,交运ETF南方,1.014,0.0
2023-01-13,sz159662,交运ETF南方,1.032,1.7751
2023-01-16,sz159662,交运ETF南方,1.037,0.4845
2023-01-17,sz159662,交运ETF南方,1.038,0.0964
2023-01-18,sz159662,交运ETF南方,1.039,0.0963
2023-01-19,sz159662,交运ETF南方,1.041,0.1925
2023-01-20,sz159662,交运ETF南方,1.045,0.3842
2023-01-30,sz159662,交运ETF南方,1.031,-1.3397
2023-01-31,sz159662,交运ETF南方,1.038,0.679
2023-02-01,sz159662,交运ETF南方,1.039,0.0963
2023-02-02,sz159662,交运ETF南方,1.043,0.385
2023-02-03,sz159662,交运ETF南方,1.035,-0.767
2023-02-06,sz159662,交运ETF南方,1.03,-0.4831
2023-02-07,sz159662,交运ETF南方,1.033,0.2913
2023-02-08,sz159662,交运ETF南方,1.034,0.0968
2023-02-09,sz159662,交运ETF南方,1.041,0.677
2023-02-10,sz159662,交运ETF南方,1.041,0.0
2023-02-13,sz159662,交运ETF南方,1.05,0.8646
2023-02-14,sz159662,交运ETF南方,1.054,0.381
2023-02-15,sz159662,交运ETF南方,1.039,-1.4231
2023-02-16,sz159662,交运ETF南方,1.03,-0.8662
2023-02-17,sz159662,交运ETF南方,1.022,-0.7767
2023-02-20,sz159662,交运ETF南方,1.034,1.1742
2023-02-21,sz159662,交运ETF南方,1.034,0.0
2023-02-22,sz159662,交运ETF南方,1.034,0.0
2023-02-23,sz159662,交运ETF南方,1.029,-0.4836
2023-02-24,sz159662,交运ETF南方,1.026,-0.2915
2023-02-27,sz159662,交运ETF南方,1.024,-0.1949
2023-02-28,sz159662,交运ETF南方,1.031,0.6836
2023-03-01,sz159662,交运ETF南方,1.044,1.2609
2023-03-02,sz159662,交运ETF南方,1.049,0.4789
2023-03-03,sz159662,交运ETF南方,1.057,0.7626
2023-03-06,sz159662,交运ETF南方,1.053,-0.3784
2023-03-07,sz159662,交运ETF南方,1.041,-1.1396
2023-03-08,sz159662,交运ETF南方,1.044,0.2882
2023-03-09,sz159662,交运ETF南方,1.046,0.1916
2023-03-10,sz159662,交运ETF南方,1.032,-1.3384
2023-03-13,sz159662,交运ETF南方,1.054,2.1318
2023-03-14,sz159662,交运ETF南方,1.043,-1.0436
2023-03-15,sz159662,交运ETF南方,1.051,0.767
2023-03-16,sz159662,交运ETF南方,1.034,-1.6175
2023-03-17,sz159662,交运ETF南方,1.04,0.5803
2023-03-20,sz159662,交运ETF南方,1.03,-0.9615
2023-03-21,sz159662,交运ETF南方,1.038,0.7767
2023-03-22,sz159662,交运ETF南方,1.033,-0.4817
2023-03-23,sz159662,交运ETF南方,1.035,0.1936
2023-03-24,sz159662,交运ETF南方,1.027,-0.7729
2023-03-27,sz159662,交运ETF南方,1.023,-0.3895
2023-03-28,sz159662,交运ETF南方,1.019,-0.391
2023-03-29,sz159662,交运ETF南方,1.022,0.2944
2023-03-30,sz159662,交运ETF南方,1.033,1.0763
2023-03-31,sz159662,交运ETF南方,1.034,0.0968
2023-04-03,sz159662,交运ETF南方,1.035,0.0967
2023-04-04,sz159662,交运ETF南方,1.041,0.5797
2023-04-06,sz159662,交运ETF南方,1.04,-0.0961
2023-04-07,sz159662,交运ETF南方,1.049,0.8654
2023-04-10,sz159662,交运ETF南方,1.047,-0.1907
2023-04-11,sz159662,交运ETF南方,1.037,-0.9551
2023-04-12,sz159662,交运ETF南方,1.041,0.3857
2023-04-13,sz159662,交运ETF南方,1.044,0.2882
2023-04-14,sz159662,交运ETF南方,1.046,0.1916
2023-04-17,sz159662,交运ETF南方,1.066,1.912
2023-04-18,sz159662,交运ETF南方,1.066,0.0
2023-04-19,sz159662,交运ETF南方,1.056,-0.9381
2023-04-20,sz159662,交运ETF南方,1.051,-0.4735
2023-04-21,sz159662,交运ETF南方,1.037,-1.3321
2023-04-24,sz159662,交运ETF南方,1.025,-1.1572
2023-04-25,sz159662,交运ETF南方,1.024,-0.0976
2023-04-26,sz159662,交运ETF南方,1.026,0.1953
2023-04-27,sz159662,交运ETF南方,1.038,1.1696
2023-04-28,sz159662,交运ETF南方,1.051,1.2524
2023-05-04,sz159662,交运ETF南方,1.052,0.0951
2023-05-05,sz159662,交运ETF南方,1.048,-0.3802
2023-05-08,sz159662,交运ETF南方,1.044,-0.3817
2023-05-09,sz159662,交运ETF南方,1.037,-0.6705
2023-05-10,sz159662,交运ETF南方,1.022,-1.4465
2023-05-11,sz159662,交运ETF南方,1.022,0.0
2023-05-12,sz159662,交运ETF南方,1.02,-0.1957
2023-05-15,sz159662,交运ETF南方,1.019,-0.098
2023-05-16,sz159662,交运ETF南方,1.008,-1.0795
2023-05-17,sz159662,交运ETF南方,1.003,-0.496
2023-05-18,sz159662,交运ETF南方,1.004,0.0997
2023-05-19,sz159662,交运ETF南方,1.005,0.0996
2023-05-22,sz159662,交运ETF南方,1.012,0.6965
2023-05-23,sz159662,交运ETF南方,0.999,-1.2846
2023-05-24,sz159662,交运ETF南方,0.977,-2.2022
2023-05-25,sz159662,交运ETF南方,0.978,0.1024
2023-05-26,sz159662,交运ETF南方,0.98,0.2045
2023-05-29,sz159662,交运ETF南方,0.98,0.0
2023-05-30,sz159662,交运ETF南方,0.976,-0.4082
2023-05-31,sz159662,交运ETF南方,0.975,-0.1025
2023-06-01,sz159662,交运ETF南方,0.964,-1.1282
2023-06-02,sz159662,交运ETF南方,0.97,0.6224
2023-06-05,sz159662,交运ETF南方,0.972,0.2062
2023-06-06,sz159662,交运ETF南方,0.959,-1.3374
2023-06-07,sz159662,交运ETF南方,0.967,0.8342
2023-06-08,sz159662,交运ETF南方,0.975,0.8273
2023-06-09,sz159662,交运ETF南方,0.981,0.6154
2023-06-12,sz159662,交运ETF南方,0.981,0.0
2023-06-13,sz159662,交运ETF南方,0.979,-0.2039
2023-06-14,sz159662,交运ETF南方,0.979,0.0
2023-06-15,sz159662,交运ETF南方,0.979,0.0
2023-06-16,sz159662,交运ETF南方,0.987,0.8172
2023-06-19,sz159662,交运ETF南方,0.979,-0.8105
2023-06-20,sz159662,交运ETF南方,0.965,-1.43
2023-06-21,sz159662,交运ETF南方,0.962,-0.3109
2023-06-26,sz159662,交运ETF南方,0.943,-1.9751
2023-06-27,sz159662,交运ETF南方,0.957,1.4846
2023-06-28,sz159662,交运ETF南方,0.969,1.2539
2023-06-29,sz159662,交运ETF南方,0.952,-1.7544
2023-06-30,sz159662,交运ETF南方,0.954,0.2101
2023-07-03,sz159662,交运ETF南方,0.979,2.6205
2023-07-04,sz159662,交运ETF南方,0.979,0.0
2023-07-05,sz159662,交运ETF南方,0.975,-0.4086
2023-07-06,sz159662,交运ETF南方,0.969,-0.6154
2023-07-07,sz159662,交运ETF南方,0.978,0.9288
2023-07-10,sz159662,交运ETF南方,0.984,0.6135
2023-07-11,sz159662,交运ETF南方,0.985,0.1016
2023-07-12,sz159662,交运ETF南方,0.97,-1.5228
2023-07-13,sz159662,交运ETF南方,0.979,0.9278
2023-07-14,sz159662,交运ETF南方,0.979,0.0
2023-07-17,sz159662,交运ETF南方,0.976,-0.3064
2023-07-18,sz159662,交运ETF南方,0.984,0.8197
2023-07-19,sz159662,交运ETF南方,0.985,0.1016
2023-07-20,sz159662,交运ETF南方,0.977,-0.8122
2023-07-21,sz159662,交运ETF南方,0.979,0.2047
2023-07-24,sz159662,交运ETF南方,0.978,-0.1021
2023-07-25,sz159662,交运ETF南方,0.993,1.5337
2023-07-26,sz159662,交运ETF南方,0.99,-0.3021
2023-07-27,sz159662,交运ETF南方,0.993,0.303
2023-07-28,sz159662,交运ETF南方,1.008,1.5106
2023-07-31,sz159662,交运ETF南方,1.015,0.6944
2023-08-01,sz159662,交运ETF南方,1.017,0.197
2023-08-02,sz159662,交运ETF南方,1.005,-1.1799
2023-08-03,sz159662,交运ETF南方,1.006,0.0995
2023-08-04,sz159662,交运ETF南方,1.002,-0.3976
2023-08-07,sz159662,交运ETF南方,0.994,-0.7984
2023-08-08,sz159662,交运ETF南方,0.992,-0.2012
2023-08-09,sz159662,交运ETF南方,0.988,-0.4032
2023-08-10,sz159662,交运ETF南方,1.007,1.9231
2023-08-11,sz159662,交运ETF南方,0.991,-1.5889
2023-08-14,sz159662,交运ETF南方,0.985,-0.6054
2023-08-15,sz159662,交运ETF南方,0.984,-0.1015
2023-08-16,sz159662,交运ETF南方,0.979,-0.5081
2023-08-17,sz159662,交运ETF南方,0.985,0.6129
2023-08-18,sz159662,交运ETF南方,0.98,-0.5076
2023-08-21,sz159662,交运ETF南方,0.957,-2.3469
2023-08-22,sz159662,交运ETF南方,0.953,-0.418
2023-08-23,sz159662,交运ETF南方,0.943,-1.0493
2023-08-24,sz159662,交运ETF南方,0.94,-0.3181
2023-08-25,sz159662,交运ETF南方,0.936,-0.4255
2023-08-28,sz159662,交运ETF南方,0.947,1.1752
2023-08-29,sz159662,交运ETF南方,0.953,0.6336
2023-08-30,sz159662,交运ETF南方,0.946,-0.7345
2023-08-31,sz159662,交运ETF南方,0.935,-1.1628
2023-09-01,sz159662,交运ETF南方,0.941,0.6417
2023-09-04,sz159662,交运ETF南方,0.954,1.3815
2023-09-05,sz159662,交运ETF南方,0.949,-0.5241
2023-09-06,sz159662,交运ETF南方,0.938,-1.1591
2023-09-07,sz159662,交运ETF南方,0.929,-0.9595
2023-09-08,sz159662,交运ETF南方,0.925,-0.4306
2023-09-11,sz159662,交运ETF南方,0.936,1.1892
2023-09-12,sz159662,交运ETF南方,0.934,-0.2137
2023-09-13,sz159662,交运ETF南方,0.932,-0.2141
2023-09-14,sz159662,交运ETF南方,0.934,0.2146
2023-09-15,sz159662,交运ETF南方,0.932,-0.2141
2023-09-18,sz159662,交运ETF南方,0.93,-0.2146
2023-09-19,sz159662,交运ETF南方,0.934,0.4301
2023-09-20,sz159662,交运ETF南方,0.93,-0.4283
2023-09-21,sz159662,交运ETF南方,0.93,0.0
2023-09-22,sz159662,交运ETF南方,0.935,0.5376
2023-09-25,sz159662,交运ETF南方,0.93,-0.5348
2023-09-26,sz159662,交运ETF南方,0.925,-0.5376
2023-09-27,sz159662,交运ETF南方,0.924,-0.1081
2023-09-28,sz159662,交运ETF南方,0.924,0.0
2023-10-09,sz159662,交运ETF南方,0.915,-0.974
2023-10-10,sz159662,交运ETF南方,0.904,-1.2022
2023-10-11,sz159662,交运ETF南方,0.9,-0.4425
2023-10-12,sz159662,交运ETF南方,0.91,1.1111
2023-10-13,sz159662,交运ETF南方,0.899,-1.2088
2023-10-16,sz159662,交运ETF南方,0.902,0.3337
2023-10-17,sz159662,交运ETF南方,0.899,-0.3326
2023-10-18,sz159662,交运ETF南方,0.888,-1.2236
2023-10-19,sz159662,交运ETF南方,0.876,-1.3514
2023-10-20,sz159662,交运ETF南方,0.87,-0.6849
2023-10-23,sz159662,交运ETF南方,0.859,-1.2644
2023-10-24,sz159662,交运ETF南方,0.869,1.1641
2023-10-25,sz159662,交运ETF南方,0.88,1.2658
2023-10-26,sz159662,交运ETF南方,0.885,0.5682
2023-10-27,sz159662,交运ETF南方,0.896,1.2429
2023-10-30,sz159662,交运ETF南方,0.901,0.558
2023-10-31,sz159662,交运ETF南方,0.899,-0.222
2023-11-01,sz159662,交运ETF南方,0.895,-0.4449
2023-11-02,sz159662,交运ETF南方,0.893,-0.2235
2023-11-03,sz159662,交运ETF南方,0.895,0.224
2023-11-06,sz159662,交运ETF南方,0.898,0.3352
2023-11-07,sz159662,交运ETF南方,0.894,-0.4454
2023-11-08,sz159662,交运ETF南方,0.891,-0.3356
2023-11-09,sz159662,交运ETF南方,0.892,0.1122
2023-11-10,sz159662,交运ETF南方,0.89,-0.2242
2023-11-13,sz159662,交运ETF南方,0.89,0.0
2023-11-14,sz159662,交运ETF南方,0.892,0.2247
2023-11-15,sz159662,交运ETF南方,0.896,0.4484
2023-11-16,sz159662,交运ETF南方,0.894,-0.2232
2023-11-17,sz159662,交运ETF南方,0.892,-0.2237
2023-11-20,sz159662,交运ETF南方,0.9,0.8969
2023-11-21,sz159662,交运ETF南方,0.902,0.2222
2023-11-22,sz159662,交运ETF南方,0.897,-0.5543
2023-11-23,sz159662,交运ETF南方,0.903,0.6689
2023-11-24,sz159662,交运ETF南方,0.901,-0.2215
2023-11-27,sz159662,交运ETF南方,0.902,0.111
2023-11-28,sz159662,交运ETF南方,0.904,0.2217
2023-11-29,sz159662,交运ETF南方,0.901,-0.3319
2023-11-30,sz159662,交运ETF南方,0.907,0.6659
2023-12-01,sz159662,交运ETF南方,0.902,-0.5513
2023-12-04,sz159662,交运ETF南方,0.907,0.5543
2023-12-05,sz159662,交运ETF南方,0.889,-1.9846
2023-12-06,sz159662,交运ETF南方,0.893,0.4499
2023-12-07,sz159662,交运ETF南方,0.889,-0.4479
2023-12-08,sz159662,交运ETF南方,0.889,0.0
2023-12-11,sz159662,交运ETF南方,0.897,0.8999
2023-12-12,sz159662,交运ETF南方,0.898,0.1115
2023-12-13,sz159662,交运ETF南方,0.89,-0.8909
2023-12-14,sz159662,交运ETF南方,0.884,-0.6742
2023-12-15,sz159662,交运ETF南方,0.879,-0.5656
2023-12-18,sz159662,交运ETF南方,0.884,0.5688
2023-12-19,sz159662,交运ETF南方,0.876,-0.905
2023-12-20,sz159662,交运ETF南方,0.871,-0.5708
2023-12-21,sz159662,交运ETF南方,0.873,0.2296
2023-12-22,sz159662,交运ETF南方,0.874,0.1145
2023-12-25,sz159662,交运ETF南方,0.87,-0.4577
2023-12-26,sz159662,交运ETF南方,0.866,-0.4598
2023-12-27,sz159662,交运ETF南方,0.865,-0.1155
2023-12-28,sz159662,交运ETF南方,0.872,0.8092
2023-12-29,sz159662,交运ETF南方,0.874,0.2294
2024-01-02,sz159662,交运ETF南方,0.874,0.0
2024-01-03,sz159662,交运ETF南方,0.876,0.2288
2024-01-04,sz159662,交运ETF南方,0.874,-0.2283
2024-01-05,sz159662,交运ETF南方,0.868,-0.6865
2024-01-08,sz159662,交运ETF南方,0.86,-0.9217
2024-01-09,sz159662,交运ETF南方,0.864,0.4651
2024-01-10,sz159662,交运ETF南方,0.863,-0.1157
2024-01-11,sz159662,交运ETF南方,0.866,0.3476
2024-01-12,sz159662,交运ETF南方,0.872,0.6928
2024-01-15,sz159662,交运ETF南方,0.883,1.2615
2024-01-16,sz159662,交运ETF南方,0.887,0.453
2024-01-17,sz159662,交运ETF南方,0.878,-1.0147
2024-01-18,sz159662,交运ETF南方,0.875,-0.3417
2024-01-19,sz159662,交运ETF南方,0.869,-0.6857
2024-01-22,sz159662,交运ETF南方,0.845,-2.7618
2024-01-23,sz159662,交运ETF南方,0.846,0.1183
2024-01-24,sz159662,交运ETF南方,0.869,2.7187
2024-01-25,sz159662,交运ETF南方,0.888,2.1864
2024-01-26,sz159662,交运ETF南方,0.893,0.5631
2024-01-29,sz159662,交运ETF南方,0.89,-0.3359
2024-01-30,sz159662,交运ETF南方,0.87,-2.2472
2024-01-31,sz159662,交运ETF南方,0.863,-0.8046
2024-02-01,sz159662,交运ETF南方,0.86,-0.3476
2024-02-02,sz159662,交运ETF南方,0.849,-1.2791
2024-02-05,sz159662,交运ETF南方,0.84,-1.0601
2024-02-06,sz159662,交运ETF南方,0.867,3.2143
2024-02-07,sz159662,交运ETF南方,0.881,1.6148
2024-02-08,sz159662,交运ETF南方,0.888,0.7946
2024-02-19,sz159662,交运ETF南方,0.899,1.2387
2024-02-20,sz159662,交运ETF南方,0.906,0.7786
2024-02-21,sz159662,交运ETF南方,0.91,0.4415
2024-02-22,sz159662,交运ETF南方,0.915,0.5495
2024-02-23,sz159662,交运ETF南方,0.912,-0.3279
2024-02-26,sz159662,交运ETF南方,0.903,-0.9868
2024-02-27,sz159662,交运ETF南方,0.907,0.443
2024-02-28,sz159662,交运ETF南方,0.896,-1.2128
2024-02-29,sz159662,交运ETF南方,0.906,1.1161
2024-03-01,sz159662,交运ETF南方,0.899,-0.7726
2024-03-04,sz159662,交运ETF南方,0.901,0.2225
2024-03-05,sz159662,交运ETF南方,0.901,0.0
2024-03-06,sz159662,交运ETF南方,0.897,-0.444
2024-03-07,sz159662,交运ETF南方,0.896,-0.1115
2024-03-08,sz159662,交运ETF南方,0.898,0.2232
2024-03-11,sz159662,交运ETF南方,0.905,0.7795
2024-03-12,sz159662,交运ETF南方,0.907,0.221
2024-03-13,sz159662,交运ETF南方,0.903,-0.441
2024-03-14,sz159662,交运ETF南方,0.91,0.7752
2024-03-15,sz159662,交运ETF南方,0.913,0.3297
2024-03-18,sz159662,交运ETF南方,0.92,0.7667
2024-03-19,sz159662,交运ETF南方,0.909,-1.1957
2024-03-20,sz159662,交运ETF南方,0.92,1.2101
2024-03-21,sz159662,交运ETF南方,0.917,-0.3261
2024-03-22,sz159662,交运ETF南方,0.906,-1.1996
2024-03-25,sz159662,交运ETF南方,0.904,-0.2208
2024-03-26,sz159662,交运ETF南方,0.902,-0.2212
2024-03-27,sz159662,交运ETF南方,0.897,-0.5543
2024-03-28,sz159662,交运ETF南方,0.902,0.5574
2024-03-29,sz159662,交运ETF南方,0.911,0.9978
2024-04-01,sz159662,交运ETF南方,0.922,1.2075
2024-04-02,sz159662,交运ETF南方,0.926,0.4338
2024-04-03,sz159662,交运ETF南方,0.926,0.0
2024-04-08,sz159662,交运ETF南方,0.92,-0.6479
2024-04-09,sz159662,交运ETF南方,0.918,-0.2174
2024-04-10,sz159662,交运ETF南方,0.918,0.0
2024-04-11,sz159662,交运ETF南方,0.918,0.0
2024-04-12,sz159662,交运ETF南方,0.917,-0.1089
2024-04-15,sz159662,交运ETF南方,0.932,1.6358
2024-04-16,sz159662,交运ETF南方,0.919,-1.3948
2024-04-17,sz159662,交运ETF南方,0.936,1.8498
2024-04-18,sz159662,交运ETF南方,0.934,-0.2137
2024-04-19,sz159662,交运ETF南方,0.936,0.2141
2024-04-22,sz159662,交运ETF南方,0.936,0.0
2024-04-23,sz159662,交运ETF南方,0.927,-0.9615
2024-04-24,sz159662,交运ETF南方,0.933,0.6472
2024-04-25,sz159662,交运ETF南方,0.945,1.2862
2024-04-26,sz159662,交运ETF南方,0.944,-0.1058
2024-04-29,sz159662,交运ETF南方,0.936,-0.8475
2024-04-30,sz159662,交运ETF南方,0.937,0.1068
2024-05-06,sz159662,交运ETF南方,0.953,1.7076
2024-05-07,sz159662,交运ETF南方,0.948,-0.5247
2024-05-08,sz159662,交运ETF南方,0.945,-0.3165
2024-05-09,sz159662,交运ETF南方,0.966,2.2222
2024-05-10,sz159662,交运ETF南方,0.967,0.1035
2024-05-13,sz159662,交运ETF南方,0.977,1.0341
2024-05-14,sz159662,交运ETF南方,0.98,0.3071
2024-05-15,sz159662,交运ETF南方,0.976,-0.4082
2024-05-16,sz159662,交运ETF南方,0.967,-0.9221
2024-05-17,sz159662,交运ETF南方,0.981,1.4478
2024-05-20,sz159662,交运ETF南方,0.992,1.1213
2024-05-21,sz159662,交运ETF南方,0.992,0.0
2024-05-22,sz159662,交运ETF南方,0.989,-0.3024
2024-05-23,sz159662,交运ETF南方,0.979,-1.0111
2024-05-24,sz159662,交运ETF南方,0.975,-0.4086
2024-05-27,sz159662,交运ETF南方,0.991,1.641
2024-05-28,sz159662,交运ETF南方,0.986,-0.5045
2024-05-29,sz159662,交运ETF南方,0.984,-0.2028
2024-05-30,sz159662,交运ETF南方,0.973,-1.1179
2024-05-31,sz159662,交运ETF南方,0.971,-0.2055
2024-06-03,sz159662,交运ETF南方,0.972,0.103
2024-06-04,sz159662,交运ETF南方,0.987,1.5432
2024-06-05,sz159662,交运ETF南方,0.981,-0.6079
2024-06-06,sz159662,交运ETF南方,0.979,-0.2039
2024-06-07,sz159662,交运ETF南方,0.993,1.43
2024-06-11,sz159662,交运ETF南方,0.966,-2.719
2024-06-12,sz159662,交运ETF南方,0.968,0.207
2024-06-13,sz159662,交运ETF南方,0.954,-1.4463
2024-06-14,sz159662,交运ETF南方,0.955,0.1048
2024-06-17,sz159662,交运ETF南方,0.953,-0.2094
2024-06-18,sz159662,交运ETF南方,0.96,0.7345
2024-06-19,sz159662,交运ETF南方,0.958,-0.2083
2024-06-20,sz159662,交运ETF南方,0.958,0.0
2024-06-21,sz159662,交运ETF南方,0.956,-0.2088
2024-06-24,sz159662,交运ETF南方,0.944,-1.2552
2024-06-25,sz159662,交运ETF南方,0.944,0.0
2024-06-26,sz159662,交运ETF南方,0.948,0.4237
2024-06-27,sz159662,交运ETF南方,0.941,-0.7384
2024-06-28,sz159662,交运ETF南方,0.956,1.594
2024-07-01,sz159662,交运ETF南方,0.966,1.046
2024-07-02,sz159662,交运ETF南方,0.968,0.207
2024-07-03,sz159662,交运ETF南方,0.961,-0.7231
2024-07-04,sz159662,交运ETF南方,0.955,-0.6243
2024-07-05,sz159662,交运ETF南方,0.953,-0.2094
2024-07-08,sz159662,交运ETF南方,0.939,-1.469
2024-07-09,sz159662,交运ETF南方,0.948,0.9585
2024-07-10,sz159662,交运ETF南方,0.938,-1.0549
2024-07-11,sz159662,交运ETF南方,0.945,0.7463
2024-07-12,sz159662,交运ETF南方,0.938,-0.7407
2024-07-15,sz159662,交运ETF南方,0.939,0.1066
2024-07-16,sz159662,交运ETF南方,0.94,0.1065
2024-07-17,sz159662,交运ETF南方,0.944,0.4255
2024-07-18,sz159662,交运ETF南方,0.95,0.6356
2024-07-19,sz159662,交运ETF南方,0.951,0.1053
2024-07-22,sz159662,交运ETF南方,0.949,-0.2103
2024-07-23,sz159662,交运ETF南方,0.943,-0.6322
2024-07-24,sz159662,交运ETF南方,0.94,-0.3181
2024-07-25,sz159662,交运ETF南方,0.942,0.2128
2024-07-26,sz159662,交运ETF南方,0.941,-0.1062
2024-07-29,sz159662,交运ETF南方,0.942,0.1063
2024-07-30,sz159662,交运ETF南方,0.941,-0.1062
2024-07-31,sz159662,交运ETF南方,0.954,1.3815
2024-08-01,sz159662,交运ETF南方,0.961,0.7338
2024-08-02,sz159662,交运ETF南方,0.958,-0.3122
2024-08-05,sz159662,交运ETF南方,0.948,-1.0438
2024-08-06,sz159662,交运ETF南方,0.947,-0.1055
2024-08-07,sz159662,交运ETF南方,0.945,-0.2112
2024-08-08,sz159662,交运ETF南方,0.942,-0.3175
2024-08-09,sz159662,交运ETF南方,0.935,-0.7431
2024-08-12,sz159662,交运ETF南方,0.93,-0.5348
2024-08-13,sz159662,交运ETF南方,0.931,0.1075
2024-08-14,sz159662,交运ETF南方,0.925,-0.6445
2024-08-15,sz159662,交运ETF南方,0.935,1.0811
2024-08-16,sz159662,交运ETF南方,0.934,-0.107
2024-08-19,sz159662,交运ETF南方,0.938,0.4283
2024-08-20,sz159662,交运ETF南方,0.929,-0.9595
2024-08-21,sz159662,交运ETF南方,0.926,-0.3229
2024-08-22,sz159662,交运ETF南方,0.924,-0.216
2024-08-23,sz159662,交运ETF南方,0.924,0.0
2024-08-26,sz159662,交运ETF南方,0.925,0.1082
2024-08-27,sz159662,交运ETF南方,0.918,-0.7568
2024-08-28,sz159662,交运ETF南方,0.912,-0.6536
2024-08-29,sz159662,交运ETF南方,0.906,-0.6579
2024-08-30,sz159662,交运ETF南方,0.914,0.883
2024-09-02,sz159662,交运ETF南方,0.906,-0.8753
2024-09-03,sz159662,交运ETF南方,0.909,0.3311
2024-09-04,sz159662,交运ETF南方,0.908,-0.11
2024-09-05,sz159662,交运ETF南方,0.909,0.1101
2024-09-06,sz159662,交运ETF南方,0.901,-0.8801
2024-09-09,sz159662,交运ETF南方,0.89,-1.2209
2024-09-10,sz159662,交运ETF南方,0.884,-0.6742
2024-09-11,sz159662,交运ETF南方,0.875,-1.0181
2024-09-12,sz159662,交运ETF南方,0.877,0.2286
2024-09-13,sz159662,交运ETF南方,0.875,-0.2281
2024-09-18,sz159662,交运ETF南方,0.88,0.5714
2024-09-19,sz159662,交运ETF南方,0.884,0.4545
2024-09-20,sz159662,交运ETF南方,0.895,1.2443
2024-09-23,sz159662,交运ETF南方,0.896,0.1117
2024-09-24,sz159662,交运ETF南方,0.921,2.7902
2024-09-25,sz159662,交运ETF南方,0.933,1.3029
2024-09-26,sz159662,交运ETF南方,0.962,3.1083
2024-09-27,sz159662,交运ETF南方,0.993,3.2225
2024-09-30,sz159662,交运ETF南方,1.068,7.5529
2024-10-08,sz159662,交运ETF南方,1.066,-0.1873
2024-10-09,sz159662,交运ETF南方,0.993,-6.848
2024-10-10,sz159662,交运ETF南方,1.013,2.0141
2024-10-11,sz159662,交运ETF南方,0.994,-1.8756
2024-10-14,sz159662,交运ETF南方,1.011,1.7103
2024-10-15,sz159662,交运ETF南方,0.991,-1.9782
2024-10-16,sz159662,交运ETF南方,0.993,0.2018
2024-10-17,sz159662,交运ETF南方,0.977,-1.6113
2024-10-18,sz159662,交运ETF南方,0.993,1.6377
2024-10-21,sz159662,交运ETF南方,0.995,0.2014
2024-10-22,sz159662,交运ETF南方,1.008,1.3065
2024-10-23,sz159662,交运ETF南方,1.013,0.496
2024-10-24,sz159662,交运ETF南方,1.003,-0.9872
2024-10-25,sz159662,交运ETF南方,1.005,0.1994
2024-10-28,sz159662,交运ETF南方,1.014,0.8955
2024-10-29,sz159662,交运ETF南方,1.001,-1.2821
2024-10-30,sz159662,交运ETF南方,1.006,0.4995
2024-10-31,sz159662,交运ETF南方,1.005,-0.0994
2024-11-01,sz159662,交运ETF南方,1.013,0.796
2024-11-04,sz159662,交运ETF南方,1.021,0.7897
2024-11-05,sz159662,交运ETF南方,1.034,1.2733
2024-11-06,sz159662,交运ETF南方,1.03,-0.3868
2024-11-07,sz159662,交运ETF南方,1.049,1.8447
2024-11-08,sz159662,交运ETF南方,1.044,-0.4766
2024-11-11,sz159662,交运ETF南方,1.036,-0.7663
2024-11-12,sz159662,交运ETF南方,1.027,-0.8687
2024-11-13,sz159662,交运ETF南方,1.031,0.3895
2024-11-14,sz159662,交运ETF南方,1.017,-1.3579
2024-11-15,sz159662,交运ETF南方,1.02,0.295
2024-11-18,sz159662,交运ETF南方,1.028,0.7843
2024-11-19,sz159662,交运ETF南方,1.027,-0.0973
2024-11-20,sz159662,交运ETF南方,1.027,0.0
2024-11-21,sz159662,交运ETF南方,1.026,-0.0974
2024-11-22,sz159662,交运ETF南方,1.005,-2.0468
2024-11-25,sz159662,交运ETF南方,1.002,-0.2985
2024-11-26,sz159662,交运ETF南方,1.007,0.499
2024-11-28,sz159662,交运ETF南方,1.014,0.6951
2024-11-29,sz159662,交运ETF南方,1.021,0.6903
2024-12-02,sz159662,交运ETF南方,1.032,1.0774
2024-12-03,sz159662,交运ETF南方,1.04,0.7752
2024-12-04,sz159662,交运ETF南方,1.032,-0.7692
2024-12-05,sz159662,交运ETF南方,1.032,0.0
2024-12-06,sz159662,交运ETF南方,1.047,1.4535
2024-12-09,sz159662,交运ETF南方,1.055,0.7641
2024-12-10,sz159662,交运ETF南方,1.054,-0.0948
2024-12-11,sz159662,交运ETF南方,1.057,0.2846
2024-12-12,sz159662,交运ETF南方,1.068,1.0407
2024-12-13,sz159662,交运ETF南方,1.047,-1.9663
2024-12-16,sz159662,交运ETF南方,1.044,-0.2865
2024-12-17,sz159662,交运ETF南方,1.037,-0.6705
2024-12-18,sz159662,交运ETF南方,1.038,0.0964
2024-12-19,sz159662,交运ETF南方,1.035,-0.289
2024-12-20,sz159662,交运ETF南方,1.026,-0.8696
2024-12-23,sz159662,交运ETF南方,1.029,0.2924
2024-12-24,sz159662,交运ETF南方,1.045,1.5549
2024-12-25,sz159662,交运ETF南方,1.044,-0.0957
2024-12-26,sz159662,交运ETF南方,1.035,-0.8621
2024-12-27,sz159662,交运ETF南方,1.047,1.1594
2024-12-30,sz159662,交运ETF南方,1.049,0.191
2024-12-31,sz159662,交运ETF南方,1.036,-1.2393
2025-01-02,sz159662,交运ETF南方,1.005,-2.9923
2025-01-03,sz159662,交运ETF南方,1.0,-0.4975
2025-01-06,sz159662,交运ETF南方,0.997,-0.3
2025-01-07,sz159662,交运ETF南方,0.994,-0.3009
2025-01-08,sz159662,交运ETF南方,0.998,0.4024
2025-01-09,sz159662,交运ETF南方,0.983,-1.503
2025-01-10,sz159662,交运ETF南方,0.971,-1.2208
2025-01-13,sz159662,交运ETF南方,0.967,-0.4119
2025-01-14,sz159662,交运ETF南方,0.993,2.6887
2025-01-15,sz159662,交运ETF南方,0.992,-0.1007
2025-01-16,sz159662,交运ETF南方,0.988,-0.4032
2025-01-17,sz159662,交运ETF南方,0.993,0.5061
2025-01-20,sz159662,交运ETF南方,0.99,-0.3021
2025-01-21,sz159662,交运ETF南方,0.985,-0.5051
2025-01-22,sz159662,交运ETF南方,0.975,-1.0152
2025-01-23,sz159662,交运ETF南方,0.979,0.4103
2025-01-24,sz159662,交运ETF南方,0.984,0.5107
2025-01-27,sz159662,交运ETF南方,0.988,0.4065
2025-02-05,sz159662,交运ETF南方,0.971,-1.7206
2025-02-06,sz159662,交运ETF南方,0.977,0.6179
2025-02-07,sz159662,交运ETF南方,0.987,1.0235
2025-02-10,sz159662,交运ETF南方,0.986,-0.1013
2025-02-11,sz159662,交运ETF南方,0.985,-0.1014
2025-02-12,sz159662,交运ETF南方,0.982,-0.3046
2025-02-13,sz159662,交运ETF南方,0.986,0.4073
2025-02-14,sz159662,交运ETF南方,0.99,0.4057
2025-02-17,sz159662,交运ETF南方,0.992,0.202
2025-02-18,sz159662,交运ETF南方,0.983,-0.9073
2025-02-19,sz159662,交运ETF南方,0.984,0.1017
2025-02-20,sz159662,交运ETF南方,0.98,-0.4065
2025-02-21,sz159662,交运ETF南方,0.979,-0.102
2025-02-24,sz159662,交运ETF南方,0.981,0.2043
2025-02-25,sz159662,交运ETF南方,0.971,-1.0194
2025-02-26,sz159662,交运ETF南方,0.976,0.5149
2025-02-27,sz159662,交运ETF南方,0.981,0.5123
2025-02-28,sz159662,交运ETF南方,0.977,-0.4077
2025-03-03,sz159662,交运ETF南方,0.973,-0.4094
2025-03-04,sz159662,交运ETF南方,0.976,0.3083
2025-03-05,sz159662,交运ETF南方,0.981,0.5123
2025-03-06,sz159662,交运ETF南方,0.983,0.2039
2025-03-07,sz159662,交运ETF南方,0.978,-0.5086
2025-03-10,sz159662,交运ETF南方,0.976,-0.2045
2025-03-11,sz159662,交运ETF南方,0.979,0.3074
2025-03-12,sz159662,交运ETF南方,0.981,0.2043
2025-03-13,sz159662,交运ETF南方,0.978,-0.3058
2025-03-14,sz159662,交运ETF南方,0.988,1.0225
2025-03-17,sz159662,交运ETF南方,0.989,0.1012
2025-03-18,sz159662,交运ETF南方,0.99,0.1011
2025-03-19,sz159662,交运ETF南方,0.989,-0.101
2025-03-20,sz159662,交运ETF南方,0.987,-0.2022
2025-03-21,sz159662,交运ETF南方,0.984,-0.304
2025-03-24,sz159662,交运ETF南方,0.987,0.3049
2025-03-25,sz159662,交运ETF南方,0.993,0.6079
2025-03-26,sz159662,交运ETF南方,0.994,0.1007
2025-03-27,sz159662,交运ETF南方,0.993,-0.1006
2025-03-28,sz159662,交运ETF南方,0.985,-0.8056
2025-03-31,sz159662,交运ETF南方,0.981,-0.4061
2025-04-01,sz159662,交运ETF南方,0.99,0.9174
2025-04-02,sz159662,交运ETF南方,0.987,-0.303
2025-04-03,sz159662,交运ETF南方,0.991,0.4053
2025-04-07,sz159662,交运ETF南方,0.901,-9.0817
2025-04-08,sz159662,交运ETF南方,0.953,5.7714
2025-04-09,sz159662,交运ETF南方,0.969,1.6789
2025-04-10,sz159662,交运ETF南方,0.978,0.9288
2025-04-11,sz159662,交运ETF南方,0.976,-0.2045
2025-04-14,sz159662,交运ETF南方,0.979,0.3074
2025-04-15,sz159662,交运ETF南方,0.974,-0.5107
2025-04-16,sz159662,交运ETF南方,0.988,1.4374
2025-04-17,sz159662,交运ETF南方,0.989,0.1012
2025-04-18,sz159662,交运ETF南方,0.986,-0.3033
2025-04-21,sz159662,交运ETF南方,0.981,-0.5071
2025-04-22,sz159662,交运ETF南方,0.984,0.3058
2025-04-23,sz159662,交运ETF南方,0.981,-0.3049
2025-04-24,sz159662,交运ETF南方,0.982,0.1019
2025-04-25,sz159662,交运ETF南方,0.98,-0.2037
2025-04-28,sz159662,交运ETF南方,0.979,-0.102
2025-04-29,sz159662,交运ETF南方,0.979,0.0
2025-04-30,sz159662,交运ETF南方,0.974,-0.5107
2025-05-06,sz159662,交运ETF南方,0.984,1.0267
2025-05-07,sz159662,交运ETF南方,0.99,0.6098
2025-05-08,sz159662,交运ETF南方,0.99,0.0
2025-05-09,sz159662,交运ETF南方,0.989,-0.101
2025-05-12,sz159662,交运ETF南方,0.997,0.8089
2025-05-13,sz159662,交运ETF南方,1.005,0.8024
2025-05-14,sz159662,交运ETF南方,1.022,1.6915
2025-05-15,sz159662,交运ETF南方,1.014,-0.7828
2025-05-16,sz159662,交运ETF南方,1.008,-0.5917
2025-05-19,sz159662,交运ETF南方,1.014,0.5952
2025-05-20,sz159662,交运ETF南方,1.017,0.2959
2025-05-21,sz159662,交运ETF南方,1.024,0.6883
2025-05-22,sz159662,交运ETF南方,1.024,0.0
2025-05-23,sz159662,交运ETF南方,1.011,-1.2695
2025-05-26,sz159662,交运ETF南方,1.015,0.3956
2025-05-27,sz159662,交运ETF南方,1.013,-0.197
2025-05-28,sz159662,交运ETF南方,1.02,0.691
2025-05-29,sz159662,交运ETF南方,1.023,0.2941
2025-05-30,sz159662,交运ETF南方,1.024,0.0978
2025-06-03,sz159662,交运ETF南方,1.02,-0.3906
2025-06-04,sz159662,交运ETF南方,1.014,-0.5882
2025-06-05,sz159662,交运ETF南方,1.012,-0.1972
2025-06-06,sz159662,交运ETF南方,1.013,0.0988
2025-06-09,sz159662,交运ETF南方,1.012,-0.0987
2025-06-10,sz159662,交运ETF南方,1.012,0.0
2025-06-11,sz159662,交运ETF南方,1.014,0.1976
2025-06-12,sz159662,交运ETF南方,1.016,0.1972
2025-06-13,sz159662,交运ETF南方,1.014,-0.1969
2025-06-16,sz159662,交运ETF南方,1.015,0.0986
2025-06-17,sz159662,交运ETF南方,1.02,0.4926
2025-06-18,sz159662,交运ETF南方,1.016,-0.3922
2025-06-19,sz159662,交运ETF南方,1.008,-0.7874
2025-06-20,sz159662,交运ETF南方,1.016,0.7937
2025-06-23,sz159662,交运ETF南方,1.017,0.0984
2025-06-24,sz159662,交运ETF南方,1.019,0.1967
2025-06-25,sz159662,交运ETF南方,1.023,0.3925
2025-06-26,sz159662,交运ETF南方,1.021,-0.1955
2025-06-27,sz159662,交运ETF南方,1.016,-0.4897
2025-06-30,sz159662,交运ETF南方,1.016,0.0
2025-07-01,sz159662,交运ETF南方,1.016,0.0
2025-07-02,sz159662,交运ETF南方,1.014,-0.1969
2025-07-03,sz159662,交运ETF南方,1.012,-0.1972
2025-07-04,sz159662,交运ETF南方,1.012,0.0
2025-07-07,sz159662,交运ETF南方,1.013,0.0988
2025-07-08,sz159662,交运ETF南方,1.014,0.0987
2025-07-09,sz159662,交运ETF南方,1.016,0.1972
2025-07-10,sz159662,交运ETF南方,1.024,0.7874
2025-07-11,sz159662,交运ETF南方,1.021,-0.293
2025-07-14,sz159662,交运ETF南方,1.021,0.0
2025-07-15,sz159662,交运ETF南方,1.013,-0.7835
2025-07-16,sz159662,交运ETF南方,1.015,0.1974
2025-07-17,sz159662,交运ETF南方,1.011,-0.3941
2025-07-18,sz159662,交运ETF南方,1.021,0.9891
2025-07-21,sz159662,交运ETF南方,1.03,0.8815
2025-07-22,sz159662,交运ETF南方,1.041,1.068
2025-07-23,sz159662,交运ETF南方,1.04,-0.0961
2025-07-24,sz159662,交运ETF南方,1.053,1.25
2025-07-25,sz159662,交运ETF南方,1.051,-0.1899
2025-07-28,sz159662,交运ETF南方,1.038,-1.2369
2025-07-29,sz159662,交运ETF南方,1.034,-0.3854
2025-07-30,sz159662,交运ETF南方,1.034,0.0
2025-07-31,sz159662,交运ETF南方,1.014,-1.9342
2025-08-01,sz159662,交运ETF南方,1.018,0.3945
2025-08-04,sz159662,交运ETF南方,1.018,0.0
2025-08-05,sz159662,交运ETF南方,1.025,0.6876
2025-08-06,sz159662,交运ETF南方,1.026,0.0976
2025-08-07,sz159662,交运ETF南方,1.034,0.7797
2025-08-08,sz159662,交运ETF南方,1.037,0.2901
2025-08-11,sz159662,交运ETF南方,1.032,-0.4822
2025-08-12,sz159662,交运ETF南方,1.032,0.0
2025-08-13,sz159662,交运ETF南方,1.032,0.0
2025-08-14,sz159662,交运ETF南方,1.026,-0.5814
2025-08-15,sz159662,交运ETF南方,1.03,0.3899
2025-08-18,sz159662,交运ETF南方,1.036,0.5825
2025-08-19,sz159662,交运ETF南方,1.03,-0.5792
2025-08-20,sz159662,交运ETF南方,1.045,1.4563
2025-08-21,sz159662,交运ETF南方,1.046,0.0957
2025-08-22,sz159662,交运ETF南方,1.047,0.0956
2025-08-25,sz159662,交运ETF南方,1.056,0.8596
2025-08-26,sz159662,交运ETF南方,1.063,0.6629
2025-08-27,sz159662,交运ETF南方,1.041,-2.0696
2025-08-28,sz159662,交运ETF南方,1.048,0.6724
2025-08-29,sz159662,交运ETF南方,1.034,-1.3359
2025-09-01,sz159662,交运ETF南方,1.024,-0.9671
2025-09-02,sz159662,交运ETF南方,1.018,-0.5859
2025-09-03,sz159662,交运ETF南方,1.014,-0.3929
2025-09-04,sz159662,交运ETF南方,1.014,0.0
2025-09-05,sz159662,交运ETF南方,1.017,0.2959
2025-09-08,sz159662,交运ETF南方,1.035,1.7699
2025-09-09,sz159662,交运ETF南方,1.031,-0.3865
2025-09-10,sz159662,交运ETF南方,1.032,0.097
2025-09-11,sz159662,交运ETF南方,1.032,0.0
2025-09-12,sz159662,交运ETF南方,1.033,0.0969
2025-09-15,sz159662,交运ETF南方,1.034,0.0968
2025-09-16,sz159662,交运ETF南方,1.042,0.7737
2025-09-17,sz159662,交运ETF南方,1.045,0.2879
2025-09-18,sz159662,交运ETF南方,1.029,-1.5311
2025-09-19,sz159662,交运ETF南方,1.038,0.8746
2025-09-22,sz159662,交运ETF南方,1.025,-1.2524
2025-09-23,sz159662,交运ETF南方,1.022,-0.2927
2025-09-24,sz159662,交运ETF南方,1.027,0.4892
2025-09-25,sz159662,交运ETF南方,1.018,-0.8763
2025-09-26,sz159662,交运ETF南方,1.017,-0.0982
2025-09-29,sz159662,交运ETF南方,1.019,0.1967
2025-09-30,sz159662,交运ETF南方,1.021,0.1963
2025-10-09,sz159662,交运ETF南方,1.022,0.0979
2025-10-10,sz159662,交运ETF南方,1.027,0.4892
2025-10-13,sz159662,交运ETF南方,1.02,-0.6816
2025-10-14,sz159662,交运ETF南方,1.026,0.5882
2025-10-15,sz159662,交运ETF南方,1.032,0.5848
2025-10-16,sz159662,交运ETF南方,1.037,0.4845
2025-10-17,sz159662,交运ETF南方,1.033,-0.3857
2025-10-20,sz159662,交运ETF南方,1.049,1.5489
2025-10-21,sz159662,交运ETF南方,1.051,0.1907
2025-10-22,sz159662,交运ETF南方,1.045,-0.5709
2025-10-23,sz159662,交运ETF南方,1.05,0.4785
2025-10-24,sz159662,交运ETF南方,1.04,-0.9524
2025-10-27,sz159662,交运ETF南方,1.047,0.6731
2025-10-28,sz159662,交运ETF南方,1.05,0.2865
2025-10-29,sz159662,交运ETF南方,1.057,0.6667
2025-10-30,sz159662,交运ETF南方,1.06,0.2838
2025-10-31,sz159662,交运ETF南方,1.05,-0.9434
2025-11-03,sz159662,交运ETF南方,1.06,0.9524
2025-11-04,sz159662,交运ETF南方,1.055,-0.4717
2025-11-05,sz159662,交运ETF南方,1.057,0.1896
2025-11-06,sz159662,交运ETF南方,1.061,0.3784
2025-11-07,sz159662,交运ETF南方,1.064,0.2828
2025-11-10,sz159662,交运ETF南方,1.079,1.4098
2025-11-11,sz159662,交运ETF南方,1.079,0.0
2025-11-12,sz159662,交运ETF南方,1.079,0.0
2025-11-13,sz159662,交运ETF南方,1.086,0.6487
2025-11-14,sz159662,交运ETF南方,1.081,-0.4604
2025-11-17,sz159662,交运ETF南方,1.072,-0.8326
2025-11-18,sz159662,交运ETF南方,1.061,-1.0261
2025-11-19,sz159662,交运ETF南方,1.056,-0.4713
2025-11-20,sz159662,交运ETF南方,1.052,-0.3788
2025-11-21,sz159662,交运ETF南方,1.035,-1.616
2025-11-24,sz159662,交运ETF南方,1.031,-0.3865
2025-11-25,sz159662,交运ETF南方,1.03,-0.097
2025-11-26,sz159662,交运ETF南方,1.028,-0.1942
2025-11-27,sz159662,交运ETF南方,1.026,-0.1946
2025-11-28,sz159662,交运ETF南方,1.029,0.2924
2025-12-01,sz159662,交运ETF南方,1.04,1.069
2025-12-02,sz159662,交运ETF南方,1.033,-0.6731
2025-12-03,sz159662,交运ETF南方,1.043,0.9681
2025-12-04,sz159662,交运ETF南方,1.038,-0.4794
2025-12-05,sz159662,交运ETF南方,1.037,-0.0963
2025-12-08,sz159662,交运ETF南方,1.038,0.0964
2025-12-09,sz159662,交运ETF南方,1.026,-1.1561
2025-12-10,sz159662,交运ETF南方,1.032,0.5848
2025-12-11,sz159662,交运ETF南方,1.022,-0.969
2025-12-12,sz159662,交运ETF南方,1.023,0.0978
2025-12-15,sz159662,交运ETF南方,1.026,0.2933
2025-12-16,sz159662,交运ETF南方,1.023,-0.2924
2025-12-17,sz159662,交运ETF南方,1.035,1.173
2025-12-18,sz159662,交运ETF南方,1.038,0.2899
2025-12-19,sz159662,交运ETF南方,1.044,0.578
2025-12-22,sz159662,交运ETF南方,1.053,0.8621
2025-12-23,sz159662,交运ETF南方,1.05,-0.2849
2025-12-24,sz159662,交运ETF南方,1.051,0.0952
2025-12-25,sz159662,交运ETF南方,1.054,0.2854
2025-12-26,sz159662,交运ETF南方,1.06,0.5693
2025-12-29,sz159662,交运ETF南方,1.058,-0.1887
2025-12-30,sz159662,交运ETF南方,1.045,-1.2287
2025-12-31,sz159662,交运ETF南方,1.054,0.8612
2026-01-05,sz159662,交运ETF南方,1.05,-0.3795
2026-01-06,sz159662,交运ETF南方,1.059,0.8571
2026-01-07,sz159662,交运ETF南方,1.052,-0.661
2026-01-08,sz159662,交运ETF南方,1.055,0.2852
2026-01-09,sz159662,交运ETF南方,1.051,-0.3791
2026-01-12,sz159662,交运ETF南方,1.061,0.9515
2026-01-13,sz159662,交运ETF南方,1.055,-0.5655
2026-01-14,sz159662,交运ETF南方,1.046,-0.8531
2026-01-15,sz159662,交运ETF南方,1.044,-0.1912
2026-01-16,sz159662,交运ETF南方,1.036,-0.7663
2026-01-19,sz159662,交运ETF南方,1.05,1.3514
2026-01-20,sz159662,交运ETF南方,1.063,1.2381
2026-01-21,sz159662,交运ETF南方,1.053,-0.9407
2026-01-22,sz159662,交运ETF南方,1.058,0.4748
2026-01-23,sz159662,交运ETF南方,1.052,-0.5671
2026-01-26,sz159662,交运ETF南方,1.052,0.0
2026-01-27,sz159662,交运ETF南方,1.046,-0.5703
2026-01-28,sz159662,交运ETF南方,1.041,-0.478
2026-01-29,sz159662,交运ETF南方,1.043,0.1921
2026-01-30,sz159662,交运ETF南方,1.039,-0.3835
2026-02-02,sz159662,交运ETF南方,1.022,-1.6362
2026-02-03,sz159662,交运ETF南方,1.036,1.3699
2026-02-04,sz159662,交运ETF南方,1.066,2.8958
2026-02-05,sz159662,交运ETF南方,1.07,0.3752
2026-02-06,sz159662,交运ETF南方,1.061,-0.8411
2026-02-09,sz159662,交运ETF南方,1.072,1.0368
2026-02-10,sz159662,交运ETF南方,1.07,-0.1866
2026-02-11,sz159662,交运ETF南方,1.069,-0.0935
2026-02-12,sz159662,交运ETF南方,1.064,-0.4677
2026-02-13,sz159662,交运ETF南方,1.044,-1.8797
2026-02-24,sz159662,交运ETF南方,1.055,1.0536
2026-02-25,sz159662,交运ETF南方,1.066,1.0427
2026-02-26,sz159662,交运ETF南方,1.067,0.0938
2026-02-27,sz159662,交运ETF南方,1.077,0.9372
2026-03-02,sz159662,交运ETF南方,1.078,0.0929
2026-03-03,sz159662,交运ETF南方,1.092,1.2987
2026-03-04,sz159662,交运ETF南方,1.064,-2.5641
2026-03-05,sz159662,交运ETF南方,1.061,-0.282
2026-03-06,sz159662,交运ETF南方,1.066,0.4713
2026-03-09,sz159662,交运ETF南方,1.045,-1.97
2026-03-10,sz159662,交运ETF南方,1.054,0.8612
2026-03-11,sz159662,交运ETF南方,1.058,0.3795
2026-03-12,sz159662,交运ETF南方,1.06,0.189
2026-03-13,sz159662,交运ETF南方,1.056,-0.3774
2026-03-16,sz159662,交运ETF南方,1.065,0.8523
2026-03-17,sz159662,交运ETF南方,1.062,-0.2817
2026-03-18,sz159662,交运ETF南方,1.064,0.1883
2026-03-19,sz159662,交运ETF南方,1.042,-2.0677
2026-03-20,sz159662,交运ETF南方,1.032,-0.9597
2026-03-23,sz159662,交运ETF南方,0.995,-3.5853
2026-03-24,sz159662,交运ETF南方,1.018,2.3116
2026-03-25,sz159662,交运ETF南方,1.03,1.1788
2026-03-26,sz159662,交运ETF南方,1.033,0.2913
2026-03-27,sz159662,交运ETF南方,1.033,0.0
2026-03-30,sz159662,交运ETF南方,1.031,-0.1936
2026-03-31,sz159662,交运ETF南方,1.026,-0.485
2026-04-01,sz159662,交运ETF南方,1.046,1.9493
2026-04-02,sz159662,交运ETF南方,1.044,-0.1912
2026-04-03,sz159662,交运ETF南方,1.035,-0.8621
2026-04-07,sz159662,交运ETF南方,1.034,-0.0966
2026-04-08,sz159662,交运ETF南方,1.055,2.0309
2026-04-09,sz159662,交运ETF南方,1.042,-1.2322
2026-04-10,sz159662,交运ETF南方,1.035,-0.6718
2026-04-13,sz159662,交运ETF南方,1.024,-1.0628
2026-04-14,sz159662,交运ETF南方,1.027,0.293
2026-04-15,sz159662,交运ETF南方,1.039,1.1685
2026-04-16,sz159662,交运ETF南方,1.034,-0.4812
2026-04-17,sz159662,交运ETF南方,1.025,-0.8704
2026-04-20,sz159662,交运ETF南方,1.031,0.5854
2026-04-21,sz159662,交运ETF南方,1.037,0.582
2026-04-22,sz159662,交运ETF南方,1.03,-0.675
2026-04-23,sz159662,交运ETF南方,1.024,-0.5825
2026-04-24,sz159662,交运ETF南方,1.017,-0.6836
2026-04-27,sz159662,交运ETF南方,1.014,-0.295
2026-04-28,sz159662,交运ETF南方,1.012,-0.1972
2026-04-29,sz159662,交运ETF南方,1.02,0.7905
2026-04-30,sz159662,交运ETF南方,1.018,-0.1961
2026-05-06,sz159662,交运ETF南方,1.023,0.4912
2026-05-07,sz159662,交运ETF南方,1.029,0.5865
2026-05-08,sz159662,交运ETF南方,1.042,1.2634
2026-05-11,sz159662,交运ETF南方,1.034,-0.7678
2026-05-12,sz159662,交运ETF南方,1.031,-0.2901
2026-05-13,sz159662,交运ETF南方,1.032,0.097
2026-05-14,sz159662,交运ETF南方,1.024,-0.7752
2026-05-15,sz159662,交运ETF南方,1.009,-1.4648
2026-05-18,sz159662,交运ETF南方,1.001,-0.7929
2026-05-19,sz159662,交运ETF南方,1.011,0.999
2026-05-20,sz159662,交运ETF南方,1.011,0.0
2026-05-21,sz159662,交运ETF南方,1.006,-0.4946
2026-05-22,sz159662,交运ETF南方,1.005,-0.0994
2026-05-25,sz159662,交运ETF南方,1.011,0.597
2026-05-26,sz159662,交运ETF南方,1.009,-0.1978
2026-05-27,sz159662,交运ETF南方,0.995,-1.3875
2026-05-28,sz159662,交运ETF南方,0.988,-0.7035
2026-05-29,sz159662,交运ETF南方,0.997,0.9109
2026-06-01,sz159662,交运ETF南方,1.001,0.4012
2026-06-02,sz159662,交运ETF南方,0.996,-0.4995
2026-06-03,sz159662,交运ETF南方,0.981,-1.506
2026-06-04,sz159662,交运ETF南方,0.967,-1.4271
2026-06-05,sz159662,交运ETF南方,0.97,0.3102
2026-06-08,sz159662,交运ETF南方,0.949,-2.1649
2026-06-09,sz159662,交运ETF南方,0.954,0.5269
2026-06-10,sz159662,交运ETF南方,0.955,0.1048
2026-06-11,sz159662,交运ETF南方,0.943,-1.2565
2026-06-12,sz159662,交运ETF南方,0.963,2.1209
2026-06-15,sz159662,交运ETF南方,0.975,1.2461
2026-06-16,sz159662,交运ETF南方,0.954,-2.1538
2026-06-17,sz159662,交运ETF南方,0.958,0.4193
2026-06-18,sz159662,交运ETF南方,0.94,-1.8789
2026-06-22,sz159662,交运ETF南方,0.95,1.0638
2026-06-23,sz159662,交运ETF南方,0.95,0.0
2026-06-24,sz159662,交运ETF南方,0.949,-0.1053
2026-06-25,sz159662,交运ETF南方,0.952,0.3161
2026-06-26,sz159662,交运ETF南方,0.933,-1.9958
2026-06-29,sz159662,交运ETF南方,0.926,-0.7503
2026-06-30,sz159662,交运ETF南方,0.91,-1.7279
2026-07-01,sz159662,交运ETF南方,0.93,2.1978
2026-07-02,sz159662,交运ETF南方,0.927,-0.3226
2026-07-03,sz159662,交运ETF南方,0.935,0.863
2026-07-06,sz159662,交运ETF南方,0.948,1.3904
2026-07-07,sz159662,交运ETF南方,0.93,-1.8987
2026-07-08,sz159662,交运ETF南方,0.927,-0.3226
2026-07-09,sz159662,交运ETF南方,0.919,-0.863
2026-07-10,sz159662,交运ETF南方,0.925,0.6529
2026-07-13,sz159662,交运ETF南方,0.918,-0.7568
2026-07-14,sz159662,交运ETF南方,0.93,1.3072
2026-07-15,sz159662,交运ETF南方,0.942,1.2903
2026-07-16,sz159662,交运ETF南方,0.932,-1.0616
2026-07-17,sz159662,交运ETF南方,0.931,-0.1073
2026-07-20,sz159662,交运ETF南方,0.947,1.7186
2026-07-21,sz159662,交运ETF南方,0.951,0.4224
2026-07-22,sz159662,交运ETF南方,0.959,0.8412
2026-07-23,sz159662,交运ETF南方,0.966,0.7299
2026-07-24,sz159662,交运ETF南方,0.952,-1.4493
2026-07-27,sz159662,交运ETF南方,0.963,1.1555
2026-07-28,sz159662,交运ETF南方,0.976,1.3499
2026-07-29,sz159662,交运ETF南方,0.99,1.4344
2026-07-30,sz159662,交运ETF南方,1.0,1.0101
2026-07-31,sz159662,交运ETF南方,1.0,0.0
2026-08-03,sz159662,交运ETF南方,1.011,1.1
2026-08-04,sz159662,交运ETF南方,0.992,-1.8793
2026-08-05,sz159662,交运ETF南方,0.993,0.1008
2026-08-06,sz159662,交运ETF南方,0.987,-0.6042
2026-08-07,sz159662,交运ETF南方,0.984,-0.304
2026-08-10,sz159662,交运ETF南方,0.992,0.813
2026-08-11,sz159662,交运ETF南方,0.977,-1.5121
2026-08-12,sz159662,交运ETF南方,0.979,0.2047
2026-08-13,sz159662,交运ETF南方,0.972,-0.715
2026-08-14,sz159662,交运ETF南方,0.964,-0.823
2026-08-17,sz159662,交运ETF南方,0.972,0.8299
2026-08-18,sz159662,交运ETF南方,0.978,0.6173
2026-08-19,sz159662,交运ETF南方,0.978,0.0
2023-02-13,sz159666,交通运输ETF华夏,1.01,
2023-02-14,sz159666,交通运输ETF华夏,1.014,0.396
2023-02-15,sz159666,交通运输ETF华夏,1.0,-1.3807
2023-02-16,sz159666,交通运输ETF华夏,0.994,-0.6
2023-02-17,sz159666,交通运输ETF华夏,0.985,-0.9054
2023-02-20,sz159666,交通运输ETF华夏,0.994,0.9137
2023-02-21,sz159666,交通运输ETF华夏,0.998,0.4024
2023-02-22,sz159666,交通运输ETF华夏,0.995,-0.3006
2023-02-23,sz159666,交通运输ETF华夏,0.993,-0.201
2023-02-24,sz159666,交通运输ETF华夏,0.992,-0.1007
2023-02-27,sz159666,交通运输ETF华夏,0.988,-0.4032
2023-02-28,sz159666,交通运输ETF华夏,0.995,0.7085
2023-03-01,sz159666,交通运输ETF华夏,1.008,1.3065
2023-03-02,sz159666,交通运输ETF华夏,1.013,0.496
2023-03-03,sz159666,交通运输ETF华夏,1.019,0.5923
2023-03-06,sz159666,交通运输ETF华夏,1.017,-0.1963
2023-03-07,sz159666,交通运输ETF华夏,1.006,-1.0816
2023-03-08,sz159666,交通运输ETF华夏,1.006,0.0
2023-03-09,sz159666,交通运输ETF华夏,1.011,0.497
2023-03-10,sz159666,交通运输ETF华夏,0.997,-1.3848
2023-03-13,sz159666,交通运输ETF华夏,1.018,2.1063
2023-03-14,sz159666,交通运输ETF华夏,1.006,-1.1788
2023-03-15,sz159666,交通运输ETF华夏,1.016,0.994
2023-03-16,sz159666,交通运输ETF华夏,1.001,-1.4764
2023-03-17,sz159666,交通运输ETF华夏,1.004,0.2997
2023-03-20,sz159666,交通运输ETF华夏,0.994,-0.996
2023-03-21,sz159666,交通运输ETF华夏,0.999,0.503
2023-03-22,sz159666,交通运输ETF华夏,0.998,-0.1001
2023-03-23,sz159666,交通运输ETF华夏,1.0,0.2004
2023-03-24,sz159666,交通运输ETF华夏,0.99,-1.0
2023-03-27,sz159666,交通运输ETF华夏,0.988,-0.202
2023-03-28,sz159666,交通运输ETF华夏,0.983,-0.5061
2023-03-29,sz159666,交通运输ETF华夏,0.986,0.3052
2023-03-30,sz159666,交通运输ETF华夏,0.995,0.9128
2023-03-31,sz159666,交通运输ETF华夏,0.995,0.0
2023-04-03,sz159666,交通运输ETF华夏,0.998,0.3015
2023-04-04,sz159666,交通运输ETF华夏,1.004,0.6012
2023-04-06,sz159666,交通运输ETF华夏,1.004,0.0
2023-04-07,sz159666,交通运输ETF华夏,1.011,0.6972
2023-04-10,sz159666,交通运输ETF华夏,1.009,-0.1978
2023-04-11,sz159666,交通运输ETF华夏,1.003,-0.5946
2023-04-12,sz159666,交通运输ETF华夏,1.005,0.1994
2023-04-13,sz159666,交通运输ETF华夏,1.009,0.398
2023-04-14,sz159666,交通运输ETF华夏,1.008,-0.0991
2023-04-17,sz159666,交通运输ETF华夏,1.027,1.8849
2023-04-18,sz159666,交通运输ETF华夏,1.028,0.0974
2023-04-19,sz159666,交通运输ETF华夏,1.021,-0.6809
2023-04-20,sz159666,交通运输ETF华夏,1.016,-0.4897
2023-04-21,sz159666,交通运输ETF华夏,1.002,-1.378
2023-04-24,sz159666,交通运输ETF华夏,0.993,-0.8982
2023-04-25,sz159666,交通运输ETF华夏,0.99,-0.3021
2023-04-26,sz159666,交通运输ETF华夏,0.99,0.0
2023-04-27,sz159666,交通运输ETF华夏,0.997,0.7071
2023-04-28,sz159666,交通运输ETF华夏,1.01,1.3039
2023-05-04,sz159666,交通运输ETF华夏,1.009,-0.099
2023-05-05,sz159666,交通运输ETF华夏,1.01,0.0991
2023-05-08,sz159666,交通运输ETF华夏,1.009,-0.099
2023-05-09,sz159666,交通运输ETF华夏,1.003,-0.5946
2023-05-10,sz159666,交通运输ETF华夏,0.991,-1.1964
2023-05-11,sz159666,交通运输ETF华夏,0.991,0.0
2023-05-12,sz159666,交通运输ETF华夏,0.98,-1.11
2023-05-15,sz159666,交通运输ETF华夏,0.987,0.7143
2023-05-16,sz159666,交通运输ETF华夏,0.977,-1.0132
2023-05-17,sz159666,交通运输ETF华夏,0.974,-0.3071
2023-05-18,sz159666,交通运输ETF华夏,0.975,0.1027
2023-05-19,sz159666,交通运输ETF华夏,0.976,0.1026
2023-05-22,sz159666,交通运输ETF华夏,0.981,0.5123
2023-05-23,sz159666,交通运输ETF华夏,0.966,-1.5291
2023-05-24,sz159666,交通运输ETF华夏,0.955,-1.1387
2023-05-25,sz159666,交通运输ETF华夏,0.947,-0.8377
2023-05-26,sz159666,交通运输ETF华夏,0.945,-0.2112
2023-05-29,sz159666,交通运输ETF华夏,0.95,0.5291
2023-05-30,sz159666,交通运输ETF华夏,0.946,-0.4211
2023-05-31,sz159666,交通运输ETF华夏,0.942,-0.4228
2023-06-01,sz159666,交通运输ETF华夏,0.933,-0.9554
2023-06-02,sz159666,交通运输ETF华夏,0.939,0.6431
2023-06-05,sz159666,交通运输ETF华夏,0.942,0.3195
2023-06-06,sz159666,交通运输ETF华夏,0.936,-0.6369
2023-06-07,sz159666,交通运输ETF华夏,0.937,0.1068
2023-06-08,sz159666,交通运输ETF华夏,0.946,0.9605
2023-06-09,sz159666,交通运输ETF华夏,0.948,0.2114
2023-06-12,sz159666,交通运输ETF华夏,0.952,0.4219
2023-06-13,sz159666,交通运输ETF华夏,0.945,-0.7353
2023-06-14,sz159666,交通运输ETF华夏,0.946,0.1058
2023-06-15,sz159666,交通运输ETF华夏,0.946,0.0
2023-06-16,sz159666,交通运输ETF华夏,0.955,0.9514
2023-06-19,sz159666,交通运输ETF华夏,0.947,-0.8377
2023-06-20,sz159666,交通运输ETF华夏,0.935,-1.2672
2023-06-21,sz159666,交通运输ETF华夏,0.929,-0.6417
2023-06-26,sz159666,交通运输ETF华夏,0.914,-1.6146
2023-06-27,sz159666,交通运输ETF华夏,0.929,1.6411
2023-06-28,sz159666,交通运输ETF华夏,0.94,1.1841
2023-06-29,sz159666,交通运输ETF华夏,0.924,-1.7021
2023-06-30,sz159666,交通运输ETF华夏,0.931,0.7576
2023-07-03,sz159666,交通运输ETF华夏,0.95,2.0408
2023-07-04,sz159666,交通运输ETF华夏,0.949,-0.1053
2023-07-05,sz159666,交通运输ETF华夏,0.946,-0.3161
2023-07-06,sz159666,交通运输ETF华夏,0.942,-0.4228
2023-07-07,sz159666,交通运输ETF华夏,0.949,0.7431
2023-07-10,sz159666,交通运输ETF华夏,0.953,0.4215
2023-07-11,sz159666,交通运输ETF华夏,0.955,0.2099
2023-07-12,sz159666,交通运输ETF华夏,0.941,-1.466
2023-07-13,sz159666,交通运输ETF华夏,0.948,0.7439
2023-07-14,sz159666,交通运输ETF华夏,0.95,0.211
2023-07-17,sz159666,交通运输ETF华夏,0.949,-0.1053
2023-07-18,sz159666,交通运输ETF华夏,0.954,0.5269
2023-07-19,sz159666,交通运输ETF华夏,0.959,0.5241
2023-07-20,sz159666,交通运输ETF华夏,0.951,-0.8342
2023-07-21,sz159666,交通运输ETF华夏,0.95,-0.1052
2023-07-24,sz159666,交通运输ETF华夏,0.949,-0.1053
2023-07-25,sz159666,交通运输ETF华夏,0.965,1.686
2023-07-26,sz159666,交通运输ETF华夏,0.963,-0.2073
2023-07-27,sz159666,交通运输ETF华夏,0.962,-0.1038
2023-07-28,sz159666,交通运输ETF华夏,0.977,1.5593
2023-07-31,sz159666,交通运输ETF华夏,0.986,0.9212
2023-08-01,sz159666,交通运输ETF华夏,0.987,0.1014
2023-08-02,sz159666,交通运输ETF华夏,0.974,-1.3171
2023-08-03,sz159666,交通运输ETF华夏,0.977,0.308
2023-08-04,sz159666,交通运输ETF华夏,0.972,-0.5118
2023-08-07,sz159666,交通运输ETF华夏,0.965,-0.7202
2023-08-08,sz159666,交通运输ETF华夏,0.962,-0.3109
2023-08-09,sz159666,交通运输ETF华夏,0.96,-0.2079
2023-08-10,sz159666,交通运输ETF华夏,0.977,1.7708
2023-08-11,sz159666,交通运输ETF华夏,0.959,-1.8424
2023-08-14,sz159666,交通运输ETF华夏,0.957,-0.2086
2023-08-15,sz159666,交通运输ETF华夏,0.958,0.1045
2023-08-16,sz159666,交通运输ETF华夏,0.952,-0.6263
2023-08-17,sz159666,交通运输ETF华夏,0.956,0.4202
2023-08-18,sz159666,交通运输ETF华夏,0.951,-0.523
2023-08-21,sz159666,交通运输ETF华夏,0.931,-2.103
2023-08-22,sz159666,交通运输ETF华夏,0.928,-0.3222
2023-08-23,sz159666,交通运输ETF华夏,0.917,-1.1853
2023-08-24,sz159666,交通运输ETF华夏,0.914,-0.3272
2023-08-25,sz159666,交通运输ETF华夏,0.908,-0.6565
2023-08-28,sz159666,交通运输ETF华夏,0.917,0.9912
2023-08-29,sz159666,交通运输ETF华夏,0.928,1.1996
2023-08-30,sz159666,交通运输ETF华夏,0.918,-1.0776
2023-08-31,sz159666,交通运输ETF华夏,0.91,-0.8715
2023-09-01,sz159666,交通运输ETF华夏,0.915,0.5495
2023-09-04,sz159666,交通运输ETF华夏,0.928,1.4208
2023-09-05,sz159666,交通运输ETF华夏,0.921,-0.7543
2023-09-06,sz159666,交通运输ETF华夏,0.912,-0.9772
2023-09-07,sz159666,交通运输ETF华夏,0.906,-0.6579
2023-09-08,sz159666,交通运输ETF华夏,0.901,-0.5519
2023-09-11,sz159666,交通运输ETF华夏,0.911,1.1099
2023-09-12,sz159666,交通运输ETF华夏,0.909,-0.2195
2023-09-13,sz159666,交通运输ETF华夏,0.907,-0.22
2023-09-14,sz159666,交通运输ETF华夏,0.908,0.1103
2023-09-15,sz159666,交通运输ETF华夏,0.908,0.0
2023-09-18,sz159666,交通运输ETF华夏,0.906,-0.2203
2023-09-19,sz159666,交通运输ETF华夏,0.91,0.4415
2023-09-20,sz159666,交通运输ETF华夏,0.905,-0.5495
2023-09-21,sz159666,交通运输ETF华夏,0.904,-0.1105
2023-09-22,sz159666,交通运输ETF华夏,0.91,0.6637
2023-09-25,sz159666,交通运输ETF华夏,0.907,-0.3297
2023-09-26,sz159666,交通运输ETF华夏,0.901,-0.6615
2023-09-27,sz159666,交通运输ETF华夏,0.903,0.222
2023-09-28,sz159666,交通运输ETF华夏,0.9,-0.3322
2023-10-09,sz159666,交通运输ETF华夏,0.892,-0.8889
2023-10-10,sz159666,交通运输ETF华夏,0.882,-1.1211
2023-10-11,sz159666,交通运输ETF华夏,0.877,-0.5669
2023-10-12,sz159666,交通运输ETF华夏,0.886,1.0262
2023-10-13,sz159666,交通运输ETF华夏,0.884,-0.2257
2023-10-16,sz159666,交通运输ETF华夏,0.881,-0.3394
2023-10-17,sz159666,交通运输ETF华夏,0.88,-0.1135
2023-10-18,sz159666,交通运输ETF华夏,0.87,-1.1364
2023-10-19,sz159666,交通运输ETF华夏,0.855,-1.7241
2023-10-20,sz159666,交通运输ETF华夏,0.85,-0.5848
2023-10-23,sz159666,交通运输ETF华夏,0.842,-0.9412
2023-10-24,sz159666,交通运输ETF华夏,0.846,0.4751
2023-10-25,sz159666,交通运输ETF华夏,0.859,1.5366
2023-10-26,sz159666,交通运输ETF华夏,0.864,0.5821
2023-10-27,sz159666,交通运输ETF华夏,0.875,1.2731
2023-10-30,sz159666,交通运输ETF华夏,0.879,0.4571
2023-10-31,sz159666,交通运输ETF华夏,0.876,-0.3413
2023-11-01,sz159666,交通运输ETF华夏,0.872,-0.4566
2023-11-02,sz159666,交通运输ETF华夏,0.869,-0.344
2023-11-03,sz159666,交通运输ETF华夏,0.87,0.1151
2023-11-06,sz159666,交通运输ETF华夏,0.874,0.4598
2023-11-07,sz159666,交通运输ETF华夏,0.871,-0.3432
2023-11-08,sz159666,交通运输ETF华夏,0.869,-0.2296
2023-11-09,sz159666,交通运输ETF华夏,0.869,0.0
2023-11-10,sz159666,交通运输ETF华夏,0.869,0.0
2023-11-13,sz159666,交通运输ETF华夏,0.87,0.1151
2023-11-14,sz159666,交通运输ETF华夏,0.872,0.2299
2023-11-15,sz159666,交通运输ETF华夏,0.873,0.1147
2023-11-16,sz159666,交通运输ETF华夏,0.871,-0.2291
2023-11-17,sz159666,交通运输ETF华夏,0.871,0.0
2023-11-20,sz159666,交通运输ETF华夏,0.877,0.6889
2023-11-21,sz159666,交通运输ETF华夏,0.88,0.3421
2023-11-22,sz159666,交通运输ETF华夏,0.88,0.0
2023-11-23,sz159666,交通运输ETF华夏,0.879,-0.1136
2023-11-24,sz159666,交通运输ETF华夏,0.88,0.1138
2023-11-27,sz159666,交通运输ETF华夏,0.883,0.3409
2023-11-28,sz159666,交通运输ETF华夏,0.884,0.1133
2023-11-29,sz159666,交通运输ETF华夏,0.877,-0.7919
2023-11-30,sz159666,交通运输ETF华夏,0.883,0.6842
2023-12-01,sz159666,交通运输ETF华夏,0.881,-0.2265
2023-12-04,sz159666,交通运输ETF华夏,0.887,0.681
2023-12-05,sz159666,交通运输ETF华夏,0.871,-1.8038
2023-12-06,sz159666,交通运输ETF华夏,0.872,0.1148
2023-12-07,sz159666,交通运输ETF华夏,0.871,-0.1147
2023-12-08,sz159666,交通运输ETF华夏,0.869,-0.2296
2023-12-11,sz159666,交通运输ETF华夏,0.879,1.1507
2023-12-12,sz159666,交通运输ETF华夏,0.875,-0.4551
2023-12-13,sz159666,交通运输ETF华夏,0.868,-0.8
2023-12-14,sz159666,交通运输ETF华夏,0.865,-0.3456
2023-12-15,sz159666,交通运输ETF华夏,0.861,-0.4624
2023-12-18,sz159666,交通运输ETF华夏,0.864,0.3484
2023-12-19,sz159666,交通运输ETF华夏,0.855,-1.0417
2023-12-20,sz159666,交通运输ETF华夏,0.851,-0.4678
2023-12-21,sz159666,交通运输ETF华夏,0.851,0.0
2023-12-22,sz159666,交通运输ETF华夏,0.853,0.235
2023-12-25,sz159666,交通运输ETF华夏,0.849,-0.4689
2023-12-26,sz159666,交通运输ETF华夏,0.843,-0.7067
2023-12-27,sz159666,交通运输ETF华夏,0.843,0.0
2023-12-28,sz159666,交通运输ETF华夏,0.85,0.8304
2023-12-29,sz159666,交通运输ETF华夏,0.849,-0.1176
2024-01-02,sz159666,交通运输ETF华夏,0.854,0.5889
2024-01-03,sz159666,交通运输ETF华夏,0.856,0.2342
2024-01-04,sz159666,交通运输ETF华夏,0.853,-0.3505
2024-01-05,sz159666,交通运输ETF华夏,0.851,-0.2345
2024-01-08,sz159666,交通运输ETF华夏,0.84,-1.2926
2024-01-09,sz159666,交通运输ETF华夏,0.844,0.4762
2024-01-10,sz159666,交通运输ETF华夏,0.839,-0.5924
2024-01-11,sz159666,交通运输ETF华夏,0.844,0.5959
2024-01-12,sz159666,交通运输ETF华夏,0.85,0.7109
2024-01-15,sz159666,交通运输ETF华夏,0.86,1.1765
2024-01-16,sz159666,交通运输ETF华夏,0.862,0.2326
2024-01-17,sz159666,交通运输ETF华夏,0.852,-1.1601
2024-01-18,sz159666,交通运输ETF华夏,0.849,-0.3521
2024-01-19,sz159666,交通运输ETF华夏,0.842,-0.8245
2024-01-22,sz159666,交通运输ETF华夏,0.815,-3.2067
2024-01-23,sz159666,交通运输ETF华夏,0.818,0.3681
2024-01-24,sz159666,交通运输ETF华夏,0.84,2.6895
2024-01-25,sz159666,交通运输ETF华夏,0.859,2.2619
2024-01-26,sz159666,交通运输ETF华夏,0.87,1.2806
2024-01-29,sz159666,交通运输ETF华夏,0.862,-0.9195
2024-01-30,sz159666,交通运输ETF华夏,0.839,-2.6682
2024-01-31,sz159666,交通运输ETF华夏,0.83,-1.0727
2024-02-01,sz159666,交通运输ETF华夏,0.824,-0.7229
2024-02-02,sz159666,交通运输ETF华夏,0.818,-0.7282
2024-02-05,sz159666,交通运输ETF华夏,0.808,-1.2225
2024-02-06,sz159666,交通运输ETF华夏,0.829,2.599
2024-02-07,sz159666,交通运输ETF华夏,0.842,1.5682
2024-02-08,sz159666,交通运输ETF华夏,0.85,0.9501
2024-02-19,sz159666,交通运输ETF华夏,0.861,1.2941
2024-02-20,sz159666,交通运输ETF华夏,0.868,0.813
2024-02-21,sz159666,交通运输ETF华夏,0.875,0.8065
2024-02-22,sz159666,交通运输ETF华夏,0.878,0.3429
2024-02-23,sz159666,交通运输ETF华夏,0.88,0.2278
2024-02-26,sz159666,交通运输ETF华夏,0.872,-0.9091
2024-02-27,sz159666,交通运输ETF华夏,0.876,0.4587
2024-02-28,sz159666,交通运输ETF华夏,0.863,-1.484
2024-02-29,sz159666,交通运输ETF华夏,0.874,1.2746
2024-03-01,sz159666,交通运输ETF华夏,0.869,-0.5721
2024-03-04,sz159666,交通运输ETF华夏,0.87,0.1151
2024-03-05,sz159666,交通运输ETF华夏,0.868,-0.2299
2024-03-06,sz159666,交通运输ETF华夏,0.864,-0.4608
2024-03-07,sz159666,交通运输ETF华夏,0.862,-0.2315
2024-03-08,sz159666,交通运输ETF华夏,0.865,0.348
2024-03-11,sz159666,交通运输ETF华夏,0.87,0.578
2024-03-12,sz159666,交通运输ETF华夏,0.875,0.5747
2024-03-13,sz159666,交通运输ETF华夏,0.871,-0.4571
2024-03-14,sz159666,交通运输ETF华夏,0.878,0.8037
2024-03-15,sz159666,交通运输ETF华夏,0.882,0.4556
2024-03-18,sz159666,交通运输ETF华夏,0.886,0.4535
2024-03-19,sz159666,交通运输ETF华夏,0.878,-0.9029
2024-03-20,sz159666,交通运输ETF华夏,0.889,1.2528
2024-03-21,sz159666,交通运输ETF华夏,0.887,-0.225
2024-03-22,sz159666,交通运输ETF华夏,0.875,-1.3529
2024-03-25,sz159666,交通运输ETF华夏,0.872,-0.3429
2024-03-26,sz159666,交通运输ETF华夏,0.871,-0.1147
2024-03-27,sz159666,交通运输ETF华夏,0.863,-0.9185
2024-03-28,sz159666,交通运输ETF华夏,0.867,0.4635
2024-03-29,sz159666,交通运输ETF华夏,0.88,1.4994
2024-04-01,sz159666,交通运输ETF华夏,0.888,0.9091
2024-04-02,sz159666,交通运输ETF华夏,0.894,0.6757
2024-04-03,sz159666,交通运输ETF华夏,0.893,-0.1119
2024-04-08,sz159666,交通运输ETF华夏,0.887,-0.6719
2024-04-09,sz159666,交通运输ETF华夏,0.883,-0.451
2024-04-10,sz159666,交通运输ETF华夏,0.886,0.3398
2024-04-11,sz159666,交通运输ETF华夏,0.885,-0.1129
2024-04-12,sz159666,交通运输ETF华夏,0.885,0.0
2024-04-15,sz159666,交通运输ETF华夏,0.894,1.0169
2024-04-16,sz159666,交通运输ETF华夏,0.88,-1.566
2024-04-17,sz159666,交通运输ETF华夏,0.899,2.1591
2024-04-18,sz159666,交通运输ETF华夏,0.897,-0.2225
2024-04-19,sz159666,交通运输ETF华夏,0.904,0.7804
2024-04-22,sz159666,交通运输ETF华夏,0.896,-0.885
2024-04-23,sz159666,交通运输ETF华夏,0.893,-0.3348
2024-04-24,sz159666,交通运输ETF华夏,0.896,0.3359
2024-04-25,sz159666,交通运输ETF华夏,0.908,1.3393
2024-04-26,sz159666,交通运输ETF华夏,0.909,0.1101
2024-04-29,sz159666,交通运输ETF华夏,0.901,-0.8801
2024-04-30,sz159666,交通运输ETF华夏,0.902,0.111
2024-05-06,sz159666,交通运输ETF华夏,0.918,1.7738
2024-05-07,sz159666,交通运输ETF华夏,0.914,-0.4357
2024-05-08,sz159666,交通运输ETF华夏,0.911,-0.3282
2024-05-09,sz159666,交通运输ETF华夏,0.929,1.9759
2024-05-10,sz159666,交通运输ETF华夏,0.929,0.0
2024-05-13,sz159666,交通运输ETF华夏,0.941,1.2917
2024-05-14,sz159666,交通运输ETF华夏,0.942,0.1063
2024-05-15,sz159666,交通运输ETF华夏,0.933,-0.9554
2024-05-16,sz159666,交通运输ETF华夏,0.928,-0.5359
2024-05-17,sz159666,交通运输ETF华夏,0.943,1.6164
2024-05-20,sz159666,交通运输ETF华夏,0.952,0.9544
2024-05-21,sz159666,交通运输ETF华夏,0.952,0.0
2024-05-22,sz159666,交通运输ETF华夏,0.953,0.105
2024-05-23,sz159666,交通运输ETF华夏,0.939,-1.469
2024-05-24,sz159666,交通运输ETF华夏,0.933,-0.639
2024-05-27,sz159666,交通运输ETF华夏,0.948,1.6077
2024-05-28,sz159666,交通运输ETF华夏,0.944,-0.4219
2024-05-29,sz159666,交通运输ETF华夏,0.941,-0.3178
2024-05-30,sz159666,交通运输ETF华夏,0.932,-0.9564
2024-05-31,sz159666,交通运输ETF华夏,0.934,0.2146
2024-06-03,sz159666,交通运输ETF华夏,0.93,-0.4283
2024-06-04,sz159666,交通运输ETF华夏,0.944,1.5054
2024-06-05,sz159666,交通运输ETF华夏,0.935,-0.9534
2024-06-06,sz159666,交通运输ETF华夏,0.932,-0.3209
2024-06-07,sz159666,交通运输ETF华夏,0.947,1.6094
2024-06-11,sz159666,交通运输ETF华夏,0.922,-2.6399
2024-06-12,sz159666,交通运输ETF华夏,0.923,0.1085
2024-06-13,sz159666,交通运输ETF华夏,0.912,-1.1918
2024-06-14,sz159666,交通运输ETF华夏,0.912,0.0
2024-06-17,sz159666,交通运输ETF华夏,0.908,-0.4386
2024-06-18,sz159666,交通运输ETF华夏,0.915,0.7709
2024-06-19,sz159666,交通运输ETF华夏,0.914,-0.1093
2024-06-20,sz159666,交通运输ETF华夏,0.91,-0.4376
2024-06-21,sz159666,交通运输ETF华夏,0.908,-0.2198
2024-06-24,sz159666,交通运输ETF华夏,0.902,-0.6608
2024-06-25,sz159666,交通运输ETF华夏,0.901,-0.1109
2024-06-26,sz159666,交通运输ETF华夏,0.905,0.444
2024-06-27,sz159666,交通运输ETF华夏,0.897,-0.884
2024-06-28,sz159666,交通运输ETF华夏,0.91,1.4493
2024-07-01,sz159666,交通运输ETF华夏,0.921,1.2088
2024-07-02,sz159666,交通运输ETF华夏,0.921,0.0
2024-07-03,sz159666,交通运输ETF华夏,0.915,-0.6515
2024-07-04,sz159666,交通运输ETF华夏,0.908,-0.765
2024-07-05,sz159666,交通运输ETF华夏,0.904,-0.4405
2024-07-08,sz159666,交通运输ETF华夏,0.889,-1.6593
2024-07-09,sz159666,交通运输ETF华夏,0.901,1.3498
2024-07-10,sz159666,交通运输ETF华夏,0.892,-0.9989
2024-07-11,sz159666,交通运输ETF华夏,0.901,1.009
2024-07-12,sz159666,交通运输ETF华夏,0.896,-0.5549
2024-07-15,sz159666,交通运输ETF华夏,0.894,-0.2232
2024-07-16,sz159666,交通运输ETF华夏,0.897,0.3356
2024-07-17,sz159666,交通运输ETF华夏,0.897,0.0
2024-07-18,sz159666,交通运输ETF华夏,0.905,0.8919
2024-07-19,sz159666,交通运输ETF华夏,0.908,0.3315
2024-07-22,sz159666,交通运输ETF华夏,0.906,-0.2203
2024-07-23,sz159666,交通运输ETF华夏,0.899,-0.7726
2024-07-24,sz159666,交通运输ETF华夏,0.897,-0.2225
2024-07-25,sz159666,交通运输ETF华夏,0.899,0.223
2024-07-26,sz159666,交通运输ETF华夏,0.9,0.1112
2024-07-29,sz159666,交通运输ETF华夏,0.901,0.1111
2024-07-30,sz159666,交通运输ETF华夏,0.903,0.222
2024-07-31,sz159666,交通运输ETF华夏,0.915,1.3289
2024-08-01,sz159666,交通运输ETF华夏,0.923,0.8743
2024-08-02,sz159666,交通运输ETF华夏,0.917,-0.6501
2024-08-05,sz159666,交通运输ETF华夏,0.912,-0.5453
2024-08-06,sz159666,交通运输ETF华夏,0.91,-0.2193
2024-08-07,sz159666,交通运输ETF华夏,0.908,-0.2198
2024-08-08,sz159666,交通运输ETF华夏,0.903,-0.5507
2024-08-09,sz159666,交通运输ETF华夏,0.897,-0.6645
2024-08-12,sz159666,交通运输ETF华夏,0.894,-0.3344
2024-08-13,sz159666,交通运输ETF华夏,0.894,0.0
2024-08-14,sz159666,交通运输ETF华夏,0.889,-0.5593
2024-08-15,sz159666,交通运输ETF华夏,0.896,0.7874
2024-08-16,sz159666,交通运输ETF华夏,0.899,0.3348
2024-08-19,sz159666,交通运输ETF华夏,0.899,0.0
2024-08-20,sz159666,交通运输ETF华夏,0.895,-0.4449
2024-08-21,sz159666,交通运输ETF华夏,0.887,-0.8939
2024-08-22,sz159666,交通运输ETF华夏,0.886,-0.1127
2024-08-23,sz159666,交通运输ETF华夏,0.886,0.0
2024-08-26,sz159666,交通运输ETF华夏,0.886,0.0
2024-08-27,sz159666,交通运输ETF华夏,0.88,-0.6772
2024-08-28,sz159666,交通运输ETF华夏,0.875,-0.5682
2024-08-29,sz159666,交通运输ETF华夏,0.87,-0.5714
2024-08-30,sz159666,交通运输ETF华夏,0.877,0.8046
2024-09-02,sz159666,交通运输ETF华夏,0.871,-0.6842
2024-09-03,sz159666,交通运输ETF华夏,0.871,0.0
2024-09-04,sz159666,交通运输ETF华夏,0.87,-0.1148
2024-09-05,sz159666,交通运输ETF华夏,0.873,0.3448
2024-09-06,sz159666,交通运输ETF华夏,0.867,-0.6873
2024-09-09,sz159666,交通运输ETF华夏,0.869,0.2307
2024-09-10,sz159666,交通运输ETF华夏,0.849,-2.3015
2024-09-11,sz159666,交通运输ETF华夏,0.846,-0.3534
2024-09-12,sz159666,交通运输ETF华夏,0.84,-0.7092
2024-09-13,sz159666,交通运输ETF华夏,0.842,0.2381
2024-09-18,sz159666,交通运输ETF华夏,0.843,0.1188
2024-09-19,sz159666,交通运输ETF华夏,0.846,0.3559
2024-09-20,sz159666,交通运输ETF华夏,0.855,1.0638
2024-09-23,sz159666,交通运输ETF华夏,0.862,0.8187
2024-09-24,sz159666,交通运输ETF华夏,0.885,2.6682
2024-09-25,sz159666,交通运输ETF华夏,0.893,0.904
2024-09-26,sz159666,交通运输ETF华夏,0.924,3.4714
2024-09-27,sz159666,交通运输ETF华夏,0.94,1.7316
2024-09-30,sz159666,交通运输ETF华夏,1.022,8.7234
2024-10-08,sz159666,交通运输ETF华夏,1.022,0.0
2024-10-09,sz159666,交通运输ETF华夏,0.949,-7.1429
2024-10-10,sz159666,交通运输ETF华夏,0.965,1.686
2024-10-11,sz159666,交通运输ETF华夏,0.954,-1.1399
2024-10-14,sz159666,交通运输ETF华夏,0.968,1.4675
2024-10-15,sz159666,交通运输ETF华夏,0.949,-1.9628
2024-10-16,sz159666,交通运输ETF华夏,0.951,0.2107
2024-10-17,sz159666,交通运输ETF华夏,0.937,-1.4721
2024-10-18,sz159666,交通运输ETF华夏,0.952,1.6009
2024-10-21,sz159666,交通运输ETF华夏,0.952,0.0
2024-10-22,sz159666,交通运输ETF华夏,0.962,1.0504
2024-10-23,sz159666,交通运输ETF华夏,0.972,1.0395
2024-10-24,sz159666,交通运输ETF华夏,0.964,-0.823
2024-10-25,sz159666,交通运输ETF华夏,0.966,0.2075
2024-10-28,sz159666,交通运输ETF华夏,0.978,1.2422
2024-10-29,sz159666,交通运输ETF华夏,0.966,-1.227
2024-10-30,sz159666,交通运输ETF华夏,0.967,0.1035
2024-10-31,sz159666,交通运输ETF华夏,0.965,-0.2068
2024-11-01,sz159666,交通运输ETF华夏,0.974,0.9326
2024-11-04,sz159666,交通运输ETF华夏,0.978,0.4107
2024-11-05,sz159666,交通运输ETF华夏,0.99,1.227
2024-11-06,sz159666,交通运输ETF华夏,0.988,-0.202
2024-11-07,sz159666,交通运输ETF华夏,1.01,2.2267
2024-11-08,sz159666,交通运输ETF华夏,1.004,-0.5941
2024-11-11,sz159666,交通运输ETF华夏,1.0,-0.3984
2024-11-12,sz159666,交通运输ETF华夏,0.991,-0.9
2024-11-13,sz159666,交通运输ETF华夏,0.993,0.2018
2024-11-14,sz159666,交通运输ETF华夏,0.978,-1.5106
2024-11-15,sz159666,交通运输ETF华夏,0.983,0.5112
2024-11-18,sz159666,交通运输ETF华夏,0.989,0.6104
2024-11-19,sz159666,交通运输ETF华夏,0.99,0.1011
2024-11-20,sz159666,交通运输ETF华夏,0.994,0.404
2024-11-21,sz159666,交通运输ETF华夏,0.99,-0.4024
2024-11-22,sz159666,交通运输ETF华夏,0.974,-1.6162
2024-11-25,sz159666,交通运输ETF华夏,0.968,-0.616
2024-11-26,sz159666,交通运输ETF华夏,0.97,0.2066
2024-11-27,sz159666,交通运输ETF华夏,0.978,0.8247
2024-11-28,sz159666,交通运输ETF华夏,0.977,-0.1022
2024-11-29,sz159666,交通运输ETF华夏,0.98,0.3071
2024-12-02,sz159666,交通运输ETF华夏,0.994,1.4286
2024-12-03,sz159666,交通运输ETF华夏,1.003,0.9054
2024-12-04,sz159666,交通运输ETF华夏,0.994,-0.8973
2024-12-05,sz159666,交通运输ETF华夏,0.995,0.1006
2024-12-06,sz159666,交通运输ETF华夏,1.007,1.206
2024-12-09,sz159666,交通运输ETF华夏,1.014,0.6951
2024-12-10,sz159666,交通运输ETF华夏,1.012,-0.1972
2024-12-11,sz159666,交通运输ETF华夏,1.018,0.5929
2024-12-12,sz159666,交通运输ETF华夏,1.028,0.9823
2024-12-13,sz159666,交通运输ETF华夏,1.007,-2.0428
2024-12-16,sz159666,交通运输ETF华夏,1.001,-0.5958
2024-12-17,sz159666,交通运输ETF华夏,0.997,-0.3996
2024-12-18,sz159666,交通运输ETF华夏,0.998,0.1003
2024-12-19,sz159666,交通运输ETF华夏,0.992,-0.6012
2024-12-20,sz159666,交通运输ETF华夏,0.989,-0.3024
2024-12-23,sz159666,交通运输ETF华夏,0.99,0.1011
2024-12-24,sz159666,交通运输ETF华夏,1.004,1.4141
2024-12-25,sz159666,交通运输ETF华夏,1.0,-0.3984
2024-12-26,sz159666,交通运输ETF华夏,0.995,-0.5
2024-12-27,sz159666,交通运输ETF华夏,1.003,0.804
2024-12-30,sz159666,交通运输ETF华夏,1.005,0.1994
2024-12-31,sz159666,交通运输ETF华夏,0.993,-1.194
2025-01-02,sz159666,交通运输ETF华夏,0.968,-2.5176
2025-01-03,sz159666,交通运输ETF华夏,0.958,-1.0331
2025-01-06,sz159666,交通运输ETF华夏,0.958,0.0
2025-01-07,sz159666,交通运输ETF华夏,0.958,0.0
2025-01-08,sz159666,交通运输ETF华夏,0.959,0.1044
2025-01-09,sz159666,交通运输ETF华夏,0.947,-1.2513
2025-01-10,sz159666,交通运输ETF华夏,0.935,-1.2672
2025-01-13,sz159666,交通运输ETF华夏,0.93,-0.5348
2025-01-14,sz159666,交通运输ETF华夏,0.956,2.7957
2025-01-15,sz159666,交通运输ETF华夏,0.955,-0.1046
2025-01-16,sz159666,交通运输ETF华夏,0.951,-0.4188
2025-01-17,sz159666,交通运输ETF华夏,0.957,0.6309
2025-01-20,sz159666,交通运输ETF华夏,0.953,-0.418
2025-01-21,sz159666,交通运输ETF华夏,0.947,-0.6296
2025-01-22,sz159666,交通运输ETF华夏,0.941,-0.6336
2025-01-23,sz159666,交通运输ETF华夏,0.945,0.4251
2025-01-24,sz159666,交通运输ETF华夏,0.947,0.2116
2025-01-27,sz159666,交通运输ETF华夏,0.952,0.528
2025-02-05,sz159666,交通运输ETF华夏,0.936,-1.6807
2025-02-06,sz159666,交通运输ETF华夏,0.942,0.641
2025-02-07,sz159666,交通运输ETF华夏,0.953,1.1677
2025-02-10,sz159666,交通运输ETF华夏,0.954,0.1049
2025-02-11,sz159666,交通运输ETF华夏,0.955,0.1048
2025-02-12,sz159666,交通运输ETF华夏,0.951,-0.4188
2025-02-13,sz159666,交通运输ETF华夏,0.95,-0.1052
2025-02-14,sz159666,交通运输ETF华夏,0.954,0.4211
2025-02-17,sz159666,交通运输ETF华夏,0.956,0.2096
2025-02-18,sz159666,交通运输ETF华夏,0.952,-0.4184
2025-02-19,sz159666,交通运输ETF华夏,0.952,0.0
2025-02-20,sz159666,交通运输ETF华夏,0.946,-0.6303
2025-02-21,sz159666,交通运输ETF华夏,0.948,0.2114
2025-02-24,sz159666,交通运输ETF华夏,0.948,0.0
2025-02-25,sz159666,交通运输ETF华夏,0.942,-0.6329
2025-02-26,sz159666,交通运输ETF华夏,0.945,0.3185
2025-02-27,sz159666,交通运输ETF华夏,0.953,0.8466
2025-02-28,sz159666,交通运输ETF华夏,0.954,0.1049
2025-03-03,sz159666,交通运输ETF华夏,0.949,-0.5241
2025-03-04,sz159666,交通运输ETF华夏,0.945,-0.4215
2025-03-05,sz159666,交通运输ETF华夏,0.95,0.5291
2025-03-06,sz159666,交通运输ETF华夏,0.95,0.0
2025-03-07,sz159666,交通运输ETF华夏,0.947,-0.3158
2025-03-10,sz159666,交通运输ETF华夏,0.947,0.0
2025-03-11,sz159666,交通运输ETF华夏,0.952,0.528
2025-03-12,sz159666,交通运输ETF华夏,0.951,-0.105
2025-03-13,sz159666,交通运输ETF华夏,0.948,-0.3155
2025-03-14,sz159666,交通运输ETF华夏,0.958,1.0549
2025-03-17,sz159666,交通运输ETF华夏,0.96,0.2088
2025-03-18,sz159666,交通运输ETF华夏,0.96,0.0
2025-03-19,sz159666,交通运输ETF华夏,0.96,0.0
2025-03-20,sz159666,交通运输ETF华夏,0.958,-0.2083
2025-03-21,sz159666,交通运输ETF华夏,0.956,-0.2088
2025-03-24,sz159666,交通运输ETF华夏,0.957,0.1046
2025-03-25,sz159666,交通运输ETF华夏,0.962,0.5225
2025-03-26,sz159666,交通运输ETF华夏,0.965,0.3119
2025-03-27,sz159666,交通运输ETF华夏,0.965,0.0
2025-03-28,sz159666,交通运输ETF华夏,0.954,-1.1399
2025-03-31,sz159666,交通运输ETF华夏,0.949,-0.5241
2025-04-01,sz159666,交通运输ETF华夏,0.958,0.9484
2025-04-02,sz159666,交通运输ETF华夏,0.957,-0.1044
2025-04-03,sz159666,交通运输ETF华夏,0.959,0.209
2025-04-07,sz159666,交通运输ETF华夏,0.899,-6.2565
2025-04-08,sz159666,交通运输ETF华夏,0.916,1.891
2025-04-09,sz159666,交通运输ETF华夏,0.934,1.9651
2025-04-10,sz159666,交通运输ETF华夏,0.95,1.7131
2025-04-11,sz159666,交通运输ETF华夏,0.943,-0.7368
2025-04-14,sz159666,交通运输ETF华夏,0.946,0.3181
2025-04-15,sz159666,交通运输ETF华夏,0.94,-0.6342
2025-04-16,sz159666,交通运输ETF华夏,0.952,1.2766
2025-04-17,sz159666,交通运输ETF华夏,0.952,0.0
2025-04-18,sz159666,交通运输ETF华夏,0.949,-0.3151
2025-04-21,sz159666,交通运输ETF华夏,0.949,0.0
2025-04-22,sz159666,交通运输ETF华夏,0.952,0.3161
2025-04-23,sz159666,交通运输ETF华夏,0.95,-0.2101
2025-04-24,sz159666,交通运输ETF华夏,0.949,-0.1053
2025-04-25,sz159666,交通运输ETF华夏,0.949,0.0
2025-04-28,sz159666,交通运输ETF华夏,0.946,-0.3161
2025-04-29,sz159666,交通运输ETF华夏,0.945,-0.1057
2025-04-30,sz159666,交通运输ETF华夏,0.94,-0.5291
2025-05-06,sz159666,交通运输ETF华夏,0.951,1.1702
2025-05-07,sz159666,交通运输ETF华夏,0.959,0.8412
2025-05-08,sz159666,交通运输ETF华夏,0.958,-0.1043
2025-05-09,sz159666,交通运输ETF华夏,0.956,-0.2088
2025-05-12,sz159666,交通运输ETF华夏,0.965,0.9414
2025-05-13,sz159666,交通运输ETF华夏,0.975,1.0363
2025-05-14,sz159666,交通运输ETF华夏,0.998,2.359
2025-05-15,sz159666,交通运输ETF华夏,0.983,-1.503
2025-05-16,sz159666,交通运输ETF华夏,0.975,-0.8138
2025-05-19,sz159666,交通运输ETF华夏,0.983,0.8205
2025-05-20,sz159666,交通运输ETF华夏,0.985,0.2035
2025-05-21,sz159666,交通运输ETF华夏,0.991,0.6091
2025-05-22,sz159666,交通运输ETF华夏,0.99,-0.1009
2025-05-23,sz159666,交通运输ETF华夏,0.974,-1.6162
2025-05-26,sz159666,交通运输ETF华夏,0.981,0.7187
2025-05-27,sz159666,交通运输ETF华夏,0.982,0.1019
2025-05-28,sz159666,交通运输ETF华夏,0.985,0.3055
2025-05-29,sz159666,交通运输ETF华夏,0.991,0.6091
2025-05-30,sz159666,交通运输ETF华夏,0.993,0.2018
2025-06-03,sz159666,交通运输ETF华夏,0.989,-0.4028
2025-06-04,sz159666,交通运输ETF华夏,0.983,-0.6067
2025-06-05,sz159666,交通运输ETF华夏,0.982,-0.1017
2025-06-06,sz159666,交通运输ETF华夏,0.983,0.1018
2025-06-09,sz159666,交通运输ETF华夏,0.983,0.0
2025-06-10,sz159666,交通运输ETF华夏,0.984,0.1017
2025-06-11,sz159666,交通运输ETF华夏,0.988,0.4065
2025-06-12,sz159666,交通运输ETF华夏,0.986,-0.2024
2025-06-13,sz159666,交通运输ETF华夏,0.988,0.2028
2025-06-16,sz159666,交通运输ETF华夏,0.988,0.0
2025-06-17,sz159666,交通运输ETF华夏,0.991,0.3036
2025-06-18,sz159666,交通运输ETF华夏,0.988,-0.3027
2025-06-19,sz159666,交通运输ETF华夏,0.978,-1.0121
2025-06-20,sz159666,交通运输ETF华夏,0.985,0.7157
2025-06-23,sz159666,交通运输ETF华夏,0.987,0.203
2025-06-24,sz159666,交通运输ETF华夏,0.99,0.304
2025-06-25,sz159666,交通运输ETF华夏,0.992,0.202
2025-06-26,sz159666,交通运输ETF华夏,0.99,-0.2016
2025-06-27,sz159666,交通运输ETF华夏,0.986,-0.404
2025-06-30,sz159666,交通运输ETF华夏,0.986,0.0
2025-07-01,sz159666,交通运输ETF华夏,0.989,0.3043
2025-07-02,sz159666,交通运输ETF华夏,0.986,-0.3033
2025-07-03,sz159666,交通运输ETF华夏,0.984,-0.2028
2025-07-04,sz159666,交通运输ETF华夏,0.985,0.1016
2025-07-07,sz159666,交通运输ETF华夏,0.986,0.1015
2025-07-08,sz159666,交通运输ETF华夏,0.987,0.1014
2025-07-09,sz159666,交通运输ETF华夏,0.987,0.0
2025-07-10,sz159666,交通运输ETF华夏,0.996,0.9119
2025-07-11,sz159666,交通运输ETF华夏,0.992,-0.4016
2025-07-14,sz159666,交通运输ETF华夏,0.992,0.0
2025-07-15,sz159666,交通运输ETF华夏,0.985,-0.7056
2025-07-16,sz159666,交通运输ETF华夏,0.988,0.3046
2025-07-17,sz159666,交通运输ETF华夏,0.985,-0.3036
2025-07-18,sz159666,交通运输ETF华夏,0.995,1.0152
2025-07-21,sz159666,交通运输ETF华夏,1.005,1.005
2025-07-22,sz159666,交通运输ETF华夏,1.014,0.8955
2025-07-23,sz159666,交通运输ETF华夏,1.013,-0.0986
2025-07-24,sz159666,交通运输ETF华夏,1.025,1.1846
2025-07-25,sz159666,交通运输ETF华夏,1.02,-0.4878
2025-07-28,sz159666,交通运输ETF华夏,1.008,-1.1765
2025-07-29,sz159666,交通运输ETF华夏,1.007,-0.0992
2025-07-30,sz159666,交通运输ETF华夏,1.009,0.1986
2025-07-31,sz159666,交通运输ETF华夏,0.998,-1.0902
2025-08-01,sz159666,交通运输ETF华夏,0.992,-0.6012
2025-08-04,sz159666,交通运输ETF华夏,0.992,0.0
2025-08-05,sz159666,交通运输ETF华夏,1.0,0.8065
2025-08-06,sz159666,交通运输ETF华夏,1.002,0.2
2025-08-07,sz159666,交通运输ETF华夏,1.009,0.6986
2025-08-08,sz159666,交通运输ETF华夏,1.01,0.0991
2025-08-11,sz159666,交通运输ETF华夏,1.008,-0.198
2025-08-12,sz159666,交通运输ETF华夏,1.007,-0.0992
2025-08-13,sz159666,交通运输ETF华夏,1.008,0.0993
2025-08-14,sz159666,交通运输ETF华夏,1.003,-0.496
2025-08-15,sz159666,交通运输ETF华夏,1.009,0.5982
2025-08-18,sz159666,交通运输ETF华夏,1.018,0.892
2025-08-19,sz159666,交通运输ETF华夏,1.012,-0.5894
2025-08-20,sz159666,交通运输ETF华夏,1.02,0.7905
2025-08-21,sz159666,交通运输ETF华夏,1.025,0.4902
2025-08-22,sz159666,交通运输ETF华夏,1.024,-0.0976
2025-08-25,sz159666,交通运输ETF华夏,1.037,1.2695
2025-08-26,sz159666,交通运输ETF华夏,1.042,0.4822
2025-08-27,sz159666,交通运输ETF华夏,1.022,-1.9194
2025-08-28,sz159666,交通运输ETF华夏,1.027,0.4892
2025-08-29,sz159666,交通运输ETF华夏,1.019,-0.779
2025-09-01,sz159666,交通运输ETF华夏,1.004,-1.472
2025-09-02,sz159666,交通运输ETF华夏,0.997,-0.6972
2025-09-03,sz159666,交通运输ETF华夏,0.987,-1.003
2025-09-04,sz159666,交通运输ETF华夏,0.99,0.304
2025-09-05,sz159666,交通运输ETF华夏,0.997,0.7071
2025-09-08,sz159666,交通运输ETF华夏,1.015,1.8054
2025-09-09,sz159666,交通运输ETF华夏,1.008,-0.6897
2025-09-10,sz159666,交通运输ETF华夏,1.007,-0.0992
2025-09-11,sz159666,交通运输ETF华夏,1.012,0.4965
2025-09-12,sz159666,交通运输ETF华夏,1.009,-0.2964
2025-09-15,sz159666,交通运输ETF华夏,1.01,0.0991
2025-09-16,sz159666,交通运输ETF华夏,1.018,0.7921
2025-09-17,sz159666,交通运输ETF华夏,1.024,0.5894
2025-09-18,sz159666,交通运输ETF华夏,1.007,-1.6602
2025-09-19,sz159666,交通运输ETF华夏,1.014,0.6951
2025-09-22,sz159666,交通运输ETF华夏,1.007,-0.6903
2025-09-23,sz159666,交通运输ETF华夏,1.004,-0.2979
2025-09-24,sz159666,交通运输ETF华夏,1.006,0.1992
2025-09-25,sz159666,交通运输ETF华夏,0.999,-0.6958
2025-09-26,sz159666,交通运输ETF华夏,0.997,-0.2002
2025-09-29,sz159666,交通运输ETF华夏,0.999,0.2006
2025-09-30,sz159666,交通运输ETF华夏,0.998,-0.1001
2025-10-09,sz159666,交通运输ETF华夏,1.0,0.2004
2025-10-10,sz159666,交通运输ETF华夏,1.005,0.5
2025-10-13,sz159666,交通运输ETF华夏,1.001,-0.398
2025-10-14,sz159666,交通运输ETF华夏,1.008,0.6993
2025-10-15,sz159666,交通运输ETF华夏,1.013,0.496
2025-10-16,sz159666,交通运输ETF华夏,1.014,0.0987
2025-10-17,sz159666,交通运输ETF华夏,1.01,-0.3945
2025-10-20,sz159666,交通运输ETF华夏,1.023,1.2871
2025-10-21,sz159666,交通运输ETF华夏,1.025,0.1955
2025-10-22,sz159666,交通运输ETF华夏,1.021,-0.3902
2025-10-23,sz159666,交通运输ETF华夏,1.026,0.4897
2025-10-24,sz159666,交通运输ETF华夏,1.019,-0.6823
2025-10-27,sz159666,交通运输ETF华夏,1.027,0.7851
2025-10-28,sz159666,交通运输ETF华夏,1.027,0.0
2025-10-29,sz159666,交通运输ETF华夏,1.031,0.3895
2025-10-30,sz159666,交通运输ETF华夏,1.033,0.194
2025-10-31,sz159666,交通运输ETF华夏,1.027,-0.5808
2025-11-03,sz159666,交通运输ETF华夏,1.032,0.4869
2025-11-04,sz159666,交通运输ETF华夏,1.027,-0.4845
2025-11-05,sz159666,交通运输ETF华夏,1.03,0.2921
2025-11-06,sz159666,交通运输ETF华夏,1.032,0.1942
2025-11-07,sz159666,交通运输ETF华夏,1.037,0.4845
2025-11-10,sz159666,交通运输ETF华夏,1.051,1.35
2025-11-11,sz159666,交通运输ETF华夏,1.05,-0.0951
2025-11-12,sz159666,交通运输ETF华夏,1.051,0.0952
2025-11-13,sz159666,交通运输ETF华夏,1.056,0.4757
2025-11-14,sz159666,交通运输ETF华夏,1.053,-0.2841
2025-11-17,sz159666,交通运输ETF华夏,1.045,-0.7597
2025-11-18,sz159666,交通运输ETF华夏,1.031,-1.3397
2025-11-19,sz159666,交通运输ETF华夏,1.027,-0.388
2025-11-20,sz159666,交通运输ETF华夏,1.023,-0.3895
2025-11-21,sz159666,交通运输ETF华夏,1.008,-1.4663
2025-11-24,sz159666,交通运输ETF华夏,1.004,-0.3968
2025-11-25,sz159666,交通运输ETF华夏,1.007,0.2988
2025-11-26,sz159666,交通运输ETF华夏,1.001,-0.5958
2025-11-27,sz159666,交通运输ETF华夏,0.998,-0.2997
2025-11-28,sz159666,交通运输ETF华夏,0.999,0.1002
2025-12-01,sz159666,交通运输ETF华夏,1.01,1.1011
2025-12-02,sz159666,交通运输ETF华夏,1.005,-0.495
2025-12-03,sz159666,交通运输ETF华夏,1.011,0.597
2025-12-04,sz159666,交通运输ETF华夏,1.007,-0.3956
2025-12-05,sz159666,交通运输ETF华夏,1.009,0.1986
2025-12-08,sz159666,交通运输ETF华夏,1.007,-0.1982
2025-12-09,sz159666,交通运输ETF华夏,0.998,-0.8937
2025-12-10,sz159666,交通运输ETF华夏,1.005,0.7014
2025-12-11,sz159666,交通运输ETF华夏,0.993,-1.194
2025-12-12,sz159666,交通运输ETF华夏,0.995,0.2014
2025-12-15,sz159666,交通运输ETF华夏,0.995,0.0
2025-12-16,sz159666,交通运输ETF华夏,0.994,-0.1005
2025-12-17,sz159666,交通运输ETF华夏,1.005,1.1066
2025-12-18,sz159666,交通运输ETF华夏,1.011,0.597
2025-12-19,sz159666,交通运输ETF华夏,1.016,0.4946
2025-12-22,sz159666,交通运输ETF华夏,1.02,0.3937
2025-12-23,sz159666,交通运输ETF华夏,1.018,-0.1961
2025-12-24,sz159666,交通运输ETF华夏,1.02,0.1965
2025-12-25,sz159666,交通运输ETF华夏,1.027,0.6863
2025-12-26,sz159666,交通运输ETF华夏,1.03,0.2921
2025-12-29,sz159666,交通运输ETF华夏,1.025,-0.4854
2025-12-30,sz159666,交通运输ETF华夏,1.016,-0.878
2025-12-31,sz159666,交通运输ETF华夏,1.022,0.5906
2026-01-05,sz159666,交通运输ETF华夏,1.018,-0.3914
2026-01-06,sz159666,交通运输ETF华夏,1.028,0.9823
2026-01-07,sz159666,交通运输ETF华夏,1.022,-0.5837
2026-01-08,sz159666,交通运输ETF华夏,1.027,0.4892
2026-01-09,sz159666,交通运输ETF华夏,1.027,0.0
2026-01-12,sz159666,交通运输ETF华夏,1.037,0.9737
2026-01-13,sz159666,交通运输ETF华夏,1.029,-0.7715
2026-01-14,sz159666,交通运输ETF华夏,1.024,-0.4859
2026-01-15,sz159666,交通运输ETF华夏,1.026,0.1953
2026-01-16,sz159666,交通运输ETF华夏,1.016,-0.9747
2026-01-19,sz159666,交通运输ETF华夏,1.027,1.0827
2026-01-20,sz159666,交通运输ETF华夏,1.042,1.4606
2026-01-21,sz159666,交通运输ETF华夏,1.034,-0.7678
2026-01-22,sz159666,交通运输ETF华夏,1.037,0.2901
2026-01-23,sz159666,交通运输ETF华夏,1.035,-0.1929
2026-01-26,sz159666,交通运输ETF华夏,1.031,-0.3865
2026-01-27,sz159666,交通运输ETF华夏,1.023,-0.7759
2026-01-28,sz159666,交通运输ETF华夏,1.021,-0.1955
2026-01-29,sz159666,交通运输ETF华夏,1.026,0.4897
2026-01-30,sz159666,交通运输ETF华夏,1.02,-0.5848
2026-02-02,sz159666,交通运输ETF华夏,1.003,-1.6667
2026-02-03,sz159666,交通运输ETF华夏,1.015,1.1964
2026-02-04,sz159666,交通运输ETF华夏,1.044,2.8571
2026-02-05,sz159666,交通运输ETF华夏,1.044,0.0
2026-02-06,sz159666,交通运输ETF华夏,1.035,-0.8621
2026-02-09,sz159666,交通运输ETF华夏,1.047,1.1594
2026-02-10,sz159666,交通运输ETF华夏,1.046,-0.0955
2026-02-11,sz159666,交通运输ETF华夏,1.041,-0.478
2026-02-12,sz159666,交通运输ETF华夏,1.042,0.0961
2026-02-13,sz159666,交通运输ETF华夏,1.025,-1.6315
2026-02-24,sz159666,交通运输ETF华夏,1.033,0.7805
2026-02-25,sz159666,交通运输ETF华夏,1.045,1.1617
2026-02-26,sz159666,交通运输ETF华夏,1.051,0.5742
2026-02-27,sz159666,交通运输ETF华夏,1.056,0.4757
2026-03-02,sz159666,交通运输ETF华夏,1.069,1.2311
2026-03-03,sz159666,交通运输ETF华夏,1.083,1.3096
2026-03-04,sz159666,交通运输ETF华夏,1.048,-3.2318
2026-03-05,sz159666,交通运输ETF华夏,1.053,0.4771
2026-03-06,sz159666,交通运输ETF华夏,1.056,0.2849
2026-03-09,sz159666,交通运输ETF华夏,1.035,-1.9886
2026-03-10,sz159666,交通运输ETF华夏,1.043,0.7729
2026-03-11,sz159666,交通运输ETF华夏,1.047,0.3835
2026-03-12,sz159666,交通运输ETF华夏,1.052,0.4776
2026-03-13,sz159666,交通运输ETF华夏,1.046,-0.5703
2026-03-16,sz159666,交通运输ETF华夏,1.059,1.2428
2026-03-17,sz159666,交通运输ETF华夏,1.05,-0.8499
2026-03-18,sz159666,交通运输ETF华夏,1.052,0.1905
2026-03-19,sz159666,交通运输ETF华夏,1.033,-1.8061
2026-03-20,sz159666,交通运输ETF华夏,1.021,-1.1617
2026-03-23,sz159666,交通运输ETF华夏,0.985,-3.526
2026-03-24,sz159666,交通运输ETF华夏,1.01,2.5381
2026-03-25,sz159666,交通运输ETF华夏,1.022,1.1881
2026-03-26,sz159666,交通运输ETF华夏,1.021,-0.0978
2026-03-27,sz159666,交通运输ETF华夏,1.026,0.4897
2026-03-30,sz159666,交通运输ETF华夏,1.023,-0.2924
2026-03-31,sz159666,交通运输ETF华夏,1.017,-0.5865
2026-04-01,sz159666,交通运输ETF华夏,1.032,1.4749
2026-04-02,sz159666,交通运输ETF华夏,1.035,0.2907
2026-04-03,sz159666,交通运输ETF华夏,1.023,-1.1594
2026-04-07,sz159666,交通运输ETF华夏,1.024,0.0978
2026-04-08,sz159666,交通运输ETF华夏,1.047,2.2461
2026-04-09,sz159666,交通运输ETF华夏,1.031,-1.5282
2026-04-10,sz159666,交通运输ETF华夏,1.026,-0.485
2026-04-13,sz159666,交通运输ETF华夏,1.013,-1.2671
2026-04-14,sz159666,交通运输ETF华夏,1.018,0.4936
2026-04-15,sz159666,交通运输ETF华夏,1.027,0.8841
2026-04-16,sz159666,交通运输ETF华夏,1.029,0.1947
2026-04-17,sz159666,交通运输ETF华夏,1.017,-1.1662
2026-04-20,sz159666,交通运输ETF华夏,1.023,0.59
2026-04-21,sz159666,交通运输ETF华夏,1.031,0.782
2026-04-22,sz159666,交通运输ETF华夏,1.024,-0.679
2026-04-23,sz159666,交通运输ETF华夏,1.019,-0.4883
2026-04-24,sz159666,交通运输ETF华夏,1.01,-0.8832
2026-04-27,sz159666,交通运输ETF华夏,1.006,-0.396
2026-04-28,sz159666,交通运输ETF华夏,1.004,-0.1988
2026-04-29,sz159666,交通运输ETF华夏,1.014,0.996
2026-04-30,sz159666,交通运输ETF华夏,1.007,-0.6903
2026-05-06,sz159666,交通运输ETF华夏,1.018,1.0924
2026-05-07,sz159666,交通运输ETF华夏,1.024,0.5894
2026-05-08,sz159666,交通运输ETF华夏,1.034,0.9766
2026-05-11,sz159666,交通运输ETF华夏,1.027,-0.677
2026-05-12,sz159666,交通运输ETF华夏,1.023,-0.3895
2026-05-13,sz159666,交通运输ETF华夏,1.025,0.1955
2026-05-14,sz159666,交通运输ETF华夏,1.022,-0.2927
2026-05-15,sz159666,交通运输ETF华夏,1.003,-1.8591
2026-05-18,sz159666,交通运输ETF华夏,0.996,-0.6979
2026-05-19,sz159666,交通运输ETF华夏,1.007,1.1044
2026-05-20,sz159666,交通运输ETF华夏,1.013,0.5958
2026-05-21,sz159666,交通运输ETF华夏,1.008,-0.4936
2026-05-22,sz159666,交通运输ETF华夏,1.012,0.3968
2026-05-25,sz159666,交通运输ETF华夏,1.018,0.5929
2026-05-26,sz159666,交通运输ETF华夏,1.012,-0.5894
2026-05-27,sz159666,交通运输ETF华夏,1.0,-1.1858
2026-05-28,sz159666,交通运输ETF华夏,0.99,-1.0
2026-05-29,sz159666,交通运输ETF华夏,0.996,0.6061
2026-06-01,sz159666,交通运输ETF华夏,1.001,0.502
2026-06-02,sz159666,交通运输ETF华夏,0.994,-0.6993
2026-06-03,sz159666,交通运输ETF华夏,0.981,-1.3078
2026-06-04,sz159666,交通运输ETF华夏,0.966,-1.5291
2026-06-05,sz159666,交通运输ETF华夏,0.971,0.5176
2026-06-08,sz159666,交通运输ETF华夏,0.947,-2.4717
2026-06-09,sz159666,交通运输ETF华夏,0.954,0.7392
2026-06-10,sz159666,交通运输ETF华夏,0.954,0.0
2026-06-11,sz159666,交通运输ETF华夏,0.94,-1.4675
2026-06-12,sz159666,交通运输ETF华夏,0.958,1.9149
2026-06-15,sz159666,交通运输ETF华夏,0.976,1.8789
2026-06-16,sz159666,交通运输ETF华夏,0.955,-2.1516
2026-06-17,sz159666,交通运输ETF华夏,0.956,0.1047
2026-06-18,sz159666,交通运输ETF华夏,0.937,-1.9874
2026-06-22,sz159666,交通运输ETF华夏,0.946,0.9605
2026-06-23,sz159666,交通运输ETF华夏,0.949,0.3171
2026-06-24,sz159666,交通运输ETF华夏,0.952,0.3161
2026-06-25,sz159666,交通运输ETF华夏,0.951,-0.105
2026-06-26,sz159666,交通运输ETF华夏,0.929,-2.3134
2026-06-29,sz159666,交通运输ETF华夏,0.922,-0.7535
2026-06-30,sz159666,交通运输ETF华夏,0.907,-1.6269
2026-07-01,sz159666,交通运输ETF华夏,0.926,2.0948
2026-07-02,sz159666,交通运输ETF华夏,0.927,0.108
2026-07-03,sz159666,交通运输ETF华夏,0.933,0.6472
2026-07-06,sz159666,交通运输ETF华夏,0.949,1.7149
2026-07-07,sz159666,交通运输ETF华夏,0.927,-2.3182
2026-07-08,sz159666,交通运输ETF华夏,0.925,-0.2157
2026-07-09,sz159666,交通运输ETF华夏,0.919,-0.6486
2026-07-10,sz159666,交通运输ETF华夏,0.924,0.5441
2026-07-13,sz159666,交通运输ETF华夏,0.916,-0.8658
2026-07-14,sz159666,交通运输ETF华夏,0.933,1.8559
2026-07-15,sz159666,交通运输ETF华夏,0.943,1.0718
2026-07-16,sz159666,交通运输ETF华夏,0.932,-1.1665
2026-07-17,sz159666,交通运输ETF华夏,0.929,-0.3219
2026-07-20,sz159666,交通运输ETF华夏,0.947,1.9376
2026-07-21,sz159666,交通运输ETF华夏,0.948,0.1056
2026-07-22,sz159666,交通运输ETF华夏,0.954,0.6329
2026-07-23,sz159666,交通运输ETF华夏,0.967,1.3627
2026-07-24,sz159666,交通运输ETF华夏,0.948,-1.9648
2026-07-27,sz159666,交通运输ETF华夏,0.959,1.1603
2026-07-28,sz159666,交通运输ETF华夏,0.974,1.5641
2026-07-29,sz159666,交通运输ETF华夏,0.981,0.7187
2026-07-30,sz159666,交通运输ETF华夏,0.991,1.0194
2026-07-31,sz159666,交通运输ETF华夏,0.993,0.2018
2026-08-03,sz159666,交通运输ETF华夏,1.002,0.9063
2026-08-04,sz159666,交通运输ETF华夏,0.984,-1.7964
2026-08-05,sz159666,交通运输ETF华夏,0.987,0.3049
2026-08-06,sz159666,交通运输ETF华夏,0.983,-0.4053
2026-08-07,sz159666,交通运输ETF华夏,0.978,-0.5086
2026-08-10,sz159666,交通运输ETF华夏,0.984,0.6135
2026-08-11,sz159666,交通运输ETF华夏,0.971,-1.3211
2026-08-12,sz159666,交通运输ETF华夏,0.973,0.206
2026-08-13,sz159666,交通运输ETF华夏,0.969,-0.4111
2026-08-14,sz159666,交通运输ETF华夏,0.962,-0.7224
2026-08-17,sz159666,交通运输ETF华夏,0.974,1.2474
2026-08-18,sz159666,交通运输ETF华夏,0.974,0.0
2026-08-19,sz159666,交通运输ETF华夏,0.978,0.4107

